time,latitude,longitude,depth,mag,magType,nst,gap,dmin,rms,net,id,updated,place,type,horizontalError,depthError,magError,magNst,status,locationSource,magSource
2002-01-01T21:23:57.560Z,33.2645,-116.1418333,5.495,3.03,ml,45,39.8,0.1316,0.2,ci,ci9742149,2016-04-02T14:46:00.256Z,"14km N of Ocotillo Wells, CA",earthquake,0.34,20.87,0.261,27,reviewed,ci,ci
2002-01-02T08:30:57.550Z,43.477,-110.236,5,3.1,ml,16,,,0.88,us,usp000avp9,2014-11-07T01:14:36.435Z,"33 km NNE of Bondurant, Wyoming",earthquake,,,,,reviewed,us,us
2002-01-02T12:11:28.680Z,33.3793333,-116.4345,11.224,4.21,ml,62,29.4,0.1098,0.26,ci,ci9742277,2020-02-12T17:48:04.066Z,"15km NNW of Borrego Springs, CA",earthquake,0.34,0.89,0.327,97,reviewed,ci,ci
2002-01-04T13:11:40.860Z,43.007,-111.48,5,3.2,ml,18,,,0.5,us,usp000avtt,2014-11-07T01:14:38.511Z,"35 km W of Freedom, Idaho",earthquake,,,,,reviewed,us,us
2002-01-04T19:29:30.270Z,32.4081667,-115.105,6.981,3.51,ml,18,209,0.3453,0.39,ci,ci9743989,2016-04-02T14:54:18.406Z,"10km NE of Delta, B.C., MX",earthquake,1.75,31.56,0.222,35,reviewed,ci,ci
2002-01-04T19:38:07.520Z,32.429,-115.084,6.991,3.26,ml,17,206.2,0.3204,0.44,ci,ci9744005,2016-04-01T22:48:05.523Z,"13km NE of Delta, B.C., MX",earthquake,2.03,32.52,0.419,67,reviewed,ci,ci
2002-01-04T20:21:21.200Z,32.418,-115.0778333,6.981,3.03,ml,15,212,0.3297,0.36,ci,ci9744041,2016-04-02T10:36:01.220Z,"13km ENE of Delta, B.C., MX",earthquake,1.91,30.31,0.467,14,reviewed,ci,ci
2002-01-04T21:48:55.970Z,32.424,-115.0991667,6.981,3.01,ml,18,210.6,0.3287,0.46,ci,ci9744097,2016-04-02T05:17:48.898Z,"12km NE of Delta, B.C., MX",earthquake,1.91,35.28,0.354,21,reviewed,ci,ci
2002-01-04T21:52:20.810Z,32.3876667,-115.04,6.847,3.44,ml,7,271.1,0.5397,0.5,ci,ci9744101,2016-04-02T17:52:05.996Z,"13km NNE of Guadalupe Victoria, B.C., MX",earthquake,3.67,42.73,0.281,26,reviewed,ci,ci
2002-01-04T22:58:44.370Z,32.3973333,-115.0278333,6.847,3.41,ml,7,271,0.539,0.41,ci,ci9744193,2016-04-02T07:16:05.127Z,"14km NNE of Guadalupe Victoria, B.C., MX",earthquake,2.54,35.86,0.519,33,reviewed,ci,ci
2002-01-04T23:02:40.020Z,32.5395,-115.087,6.877,3.18,ml,8,254.2,0.4028,0.7,ci,ci9744197,2016-04-02T07:16:06.432Z,"10km WSW of Tecolots, B.C., MX",earthquake,4.59,56.47,0.407,11,reviewed,ci,ci
2002-01-05T02:28:00.230Z,32.3796667,-115.0285,6.847,3.48,ml,7,272.4,0.552,0.42,ci,ci9744377,2016-04-02T14:52:10.750Z,"13km NE of Guadalupe Victoria, B.C., MX",earthquake,3.04,36.64,0.295,31,reviewed,ci,ci
2002-01-05T04:00:04.470Z,32.3558333,-115.0126667,6.867,3.32,ml,7,275,0.5789,0.27,ci,ci9744393,2016-04-02T08:27:02.580Z,"12km NE of Guadalupe Victoria, B.C., MX",earthquake,2.44,25.95,0.266,43,reviewed,ci,ci
2002-01-05T04:19:05.020Z,32.3125,-114.995,6.712,3.16,ml,5,278.9,0.6221,0.43,ci,ci9744405,2016-04-02T11:44:12.016Z,"11km ENE of Guadalupe Victoria, B.C., MX",earthquake,5.77,37.92,0.289,7,reviewed,ci,ci
2002-01-05T04:24:13.280Z,32.3941667,-115.0321667,6.847,3.58,ml,7,271,0.539,0.5,ci,ci9744409,2016-04-02T08:27:04.490Z,"14km NNE of Guadalupe Victoria, B.C., MX",earthquake,3.24,42.77,0.262,74,reviewed,ci,ci
2002-01-05T04:32:07.660Z,32.3738333,-115.0333333,6.847,3.22,ml,7,268.1,0.554,0.47,ci,ci9744413,2016-04-02T11:46:28.596Z,"12km NE of Guadalupe Victoria, B.C., MX",earthquake,3.03,41.1,0.274,26,reviewed,ci,ci
2002-01-05T04:39:00.460Z,32.3553333,-115.0101667,6.887,3.03,ml,7,270.6,0.5806,0.34,ci,ci9744417,2016-04-02T02:05:02.674Z,"12km NE of Guadalupe Victoria, B.C., MX",earthquake,5.2,30.67,0.318,6,reviewed,ci,ci
2002-01-05T04:44:28.100Z,32.3395,-114.9903333,6.843,3.41,ml,7,277.3,0.6035,0.48,ci,ci9744421,2016-04-02T01:54:23.414Z,"12km ENE of Guadalupe Victoria, B.C., MX",earthquake,3.11,41.43,0.311,7,reviewed,ci,ci
2002-01-05T08:48:42.250Z,32.3998333,-115.0438333,6.847,3.2,ml,7,269.9,0.5283,0.45,ci,ci9744473,2016-04-02T02:06:04.477Z,"14km NNE of Guadalupe Victoria, B.C., MX",earthquake,3,39.38,0.326,14,reviewed,ci,ci
2002-01-05T08:51:31.190Z,32.306,-114.9685,6.863,3.18,ml,7,275.4,0.6411,0.3,ci,ci9744477,2016-04-02T02:02:50.246Z,"13km NNE of Estacion Coahuila, B.C., MX",earthquake,4.37,27.74,0.341,22,reviewed,ci,ci
2002-01-06T00:38:16.910Z,32.4188333,-115.0745,6.981,3.08,ml,12,211.9,0.3282,0.38,ci,ci9504422,2016-04-01T21:35:34.088Z,"13km ENE of Delta, B.C., MX",earthquake,2.03,31,0.428,2,reviewed,ci,ci
2002-01-06T00:43:56.330Z,32.2963333,-115.0375,7.121,3.25,ml,17,260.6,0.4438,0.28,ci,ci9744877,2016-04-02T08:20:59.188Z,"6km E of Guadalupe Victoria, B.C., MX",earthquake,1.86,25.02,0.274,3,reviewed,ci,ci
2002-01-06T01:25:11.360Z,32.3785,-115.055,6.981,3.43,ml,18,219.5,0.3645,0.36,ci,ci9744905,2016-04-02T11:38:36.528Z,"11km NNE of Guadalupe Victoria, B.C., MX",earthquake,1.61,29.25,0.271,23,reviewed,ci,ci
2002-01-06T01:25:37.880Z,32.413,-115.0661667,6.981,3.47,ml,14,213.1,0.3324,0.38,ci,ci9504418,2016-04-02T16:50:28.410Z,"14km ENE of Delta, B.C., MX",earthquake,1.86,31.69,0.579,22,reviewed,ci,ci
2002-01-06T08:51:21.923Z,37.2039,-114.4838,2.4,3,ml,4,254.87,0.495,0.0534,nn,nn00042903,2018-04-24T21:49:33.404Z,"45 km S of Caliente, Nevada",earthquake,,5.7,,,reviewed,nn,nn
2002-01-07T03:22:02.710Z,34.462,-116.4826667,2.689,3.15,ml,61,32.7,0.1438,0.2,ci,ci9745753,2016-04-02T02:04:17.937Z,"39km N of Yucca Valley, CA",earthquake,0.25,0.72,0.256,75,reviewed,ci,ci
2002-01-08T17:26:06.400Z,37.34,-112.724,13.63,3.14,ml,16,87,0.2762,0.27,uu,uu50251995,2018-08-28T19:35:18.030Z,"10 km NW of Orderville, Utah",earthquake,0.67,1.03,,4,reviewed,uu,uu
2002-01-10T17:09:08.909Z,39.1138,-118.0704,7,3.3,ml,9,198.33,0.067,0.1704,nn,nn00043053,2018-04-24T21:49:40.236Z,"30 km NNW of Gabbs, Nevada",earthquake,,1.8,,,reviewed,nn,nn
2002-01-11T23:40:52.830Z,32.3816667,-115.0701667,6.991,3.11,ml,19,214,0.3637,0.45,ci,ci9747397,2016-04-01T22:49:25.946Z,"11km NNE of Guadalupe Victoria, B.C., MX",earthquake,1.95,34,0.29,27,reviewed,ci,ci
2002-01-12T04:41:46.930Z,36.769,-121.4811667,7.528,3.06,md,58,35,0.04955,0.09,nc,nc21208721,2017-01-02T03:00:40.360Z,"9 km SSE of San Juan Bautista, California",earthquake,0.16,0.37,0.07,103,reviewed,nc,nc
2002-01-12T08:26:52.900Z,28.279,-69.566,10,5.4,mwc,429,,,0.85,us,usp000aw9y,2016-11-09T21:39:07.191Z,"off the east coast of the United States",earthquake,,,,,reviewed,us,hrv
2002-01-12T17:44:40.520Z,32.314,-115.023,6.993,3.14,ml,13,259.5,0.4252,0.26,ci,ci9747849,2016-04-01T21:35:09.908Z,"8km ENE of Guadalupe Victoria, B.C., MX",earthquake,1.84,23.31,0.326,12,reviewed,ci,ci
2002-01-12T21:52:50.820Z,41.1998333,-124.237,17.59,3.32,ml,12,226,0.1667,0.03,nc,nc21208790,2017-01-02T03:04:19.147Z,"9 km WNW of Big Lagoon, California",earthquake,1.26,0.27,,3,reviewed,nc,nc
2002-01-13T13:10:04.850Z,32.4038333,-115.093,6.99,3.01,ml,17,214.3,0.3466,0.36,ci,ci9748061,2016-04-02T08:29:28.429Z,"11km ENE of Delta, B.C., MX",earthquake,1.74,28.85,0.297,22,reviewed,ci,ci
2002-01-14T05:33:58.620Z,32.419,-115.1026667,6.97,3.29,ml,11,211.5,0.3343,0.27,ci,ci9748381,2016-04-02T16:54:09.484Z,"11km NE of Delta, B.C., MX",earthquake,1.58,22.06,0.238,35,reviewed,ci,ci
2002-01-16T15:29:20.880Z,35.765,-121.2815,5.132,3.24,ml,51,149,0.05676,0.09,nc,nc21209284,2017-01-02T04:46:47.460Z,"15 km NNW of San Simeon, California",earthquake,0.17,0.34,,3,reviewed,nc,nc
2002-01-18T09:23:49.940Z,32.4213333,-115.0801667,14.981,3.47,ml,21,209,0.327,0.52,ci,ci9749669,2016-04-02T02:04:54.815Z,"13km NE of Delta, B.C., MX",earthquake,2.82,31.61,0.245,63,reviewed,ci,ci
2002-01-19T23:44:33.590Z,31.146,-115.242,10,4.1,mb,35,,,1.26,us,usp000awt8,2016-04-01T19:37:36.862Z,"40 km WNW of San Felipe, Mexico",earthquake,,,,4,reviewed,us,us
2002-01-20T14:11:55.000Z,49.49,-66.95,30,4.1,mblg,13,,,,us,usp000awuu,2014-11-07T01:14:43.638Z,"47 km NNW of Cap-Chat, Canada",earthquake,,,,,reviewed,ott,ott
2002-01-20T17:20:13.560Z,38.1656667,-112.6856667,8.32,3.6,ml,24,65,0.2532,0.34,uu,uu50252700,2018-08-28T19:36:49.870Z,"12 km SSW of Beaver, Utah",earthquake,0.69,1.2,,13,reviewed,uu,uu
2002-01-21T13:59:02.640Z,38.8073333,-122.7661667,2.413,3.07,ml,48,47,0.02252,0.07,nc,nc21209790,2017-01-02T05:05:21.840Z,"4 km WSW of Cobb, California",earthquake,0.13,0.38,,9,reviewed,nc,nc
2002-01-22T08:31:07.810Z,44.439,-114.155,5,3.9,ml,23,,,0.72,us,usp000awyn,2014-11-07T01:14:44.218Z,"9 km SE of Challis, Idaho",earthquake,,,,,reviewed,us,but
2002-01-22T08:39:30.660Z,34.5423333,-118.9768333,21.561,3.3,ml,67,27,0.1526,0.38,ci,ci9751769,2016-04-02T02:09:29.642Z,"17km NNW of Fillmore, CA",earthquake,0.46,1.36,0.233,61,reviewed,ci,ci
2002-01-26T01:06:03.860Z,36.86,-104.784,5,3.4,mblg,10,,,0.74,us,usp000ax5q,2014-11-07T01:14:45.297Z,"29 km S of Sequndo, Colorado",earthquake,,,,,reviewed,us,us
2002-01-27T07:01:14.180Z,36.0236667,-119.826,15.311,3.08,ml,92,44,0.2333,0.24,nc,nc21210477,2017-01-02T05:28:32.260Z,"12 km E of Kettleman City, California",earthquake,0.31,0.76,,3,reviewed,nc,nc
2002-01-28T16:30:17.060Z,36.0438333,-117.8771667,2.155,3.04,ml,28,63.5,0.08338,0.19,ci,ci12319564,2016-04-02T02:08:33.687Z,"6km E of Coso Junction, CA",earthquake,0.55,0.67,0.475,46,reviewed,ci,ci
2002-01-29T04:36:58.540Z,43.586,-110.607,5,3.7,ml,32,,,0.6,us,usp000axca,2020-02-12T18:43:35.422Z,"4 km SSE of Kelly, Wyoming",earthquake,,,,,reviewed,us,us
2002-01-29T05:53:08.500Z,34.354,-118.6508333,12.56,3.09,ml,26,52,0.1045,0.25,ci,ci9753481,2016-04-02T02:09:46.288Z,"12km NNW of Chatsworth, CA",earthquake,0.47,1.19,0.586,80,reviewed,ci,ci
2002-01-29T05:53:28.930Z,34.3613333,-118.6571667,13.74,4.18,ml,87,17.7,,0.28,ci,ci9753485,2020-02-12T17:47:36.050Z,"13km NE of Simi Valley, CA",earthquake,0.28,0.61,0.24,94,reviewed,ci,ci
2002-01-29T06:00:39.820Z,34.3705,-118.6678333,13.746,3.9,ml,81,19,0.09666,0.3,ci,ci9753489,2020-02-12T17:47:07.272Z,"13km ESE of Piru, CA",earthquake,0.32,0.62,0.262,90,reviewed,ci,ci
2002-01-29T06:08:01.890Z,34.3653333,-118.6643333,14.04,3.8,ml,74,22.1,0.09933,0.28,ci,ci9753497,2020-02-12T17:46:39.139Z,"12km NNE of Simi Valley, CA",earthquake,0.32,0.66,0.275,88,reviewed,ci,ci
2002-01-29T20:23:07.060Z,34.3628333,-118.6668333,12.005,3.59,ml,72,18.1,0.04741,0.28,ci,ci9753949,2020-02-12T17:46:11.798Z,"12km NNE of Simi Valley, CA",earthquake,0.34,0.74,0.269,82,reviewed,ci,ci
2002-01-29T20:27:27.130Z,34.3675,-118.6613333,12.399,3.07,ml,55,25.8,0.04554,0.24,ci,ci9753965,2020-02-12T17:45:44.267Z,"13km SW of Valencia, CA",earthquake,0.33,0.81,0.215,55,reviewed,ci,ci
2002-01-30T02:38:56.500Z,36.5066667,-121.4458333,8.665,3.31,ml,69,37,0.05946,0.16,nc,nc21210882,2017-01-02T05:40:43.010Z,"0 km W of Gonzales, California",earthquake,0.2,0.71,,12,reviewed,nc,nc
2002-01-30T18:47:57.370Z,34.3661667,-118.6606667,12.22,3.47,ml,75,17.4,0.04439,0.28,ci,ci9755013,2020-02-12T17:45:16.783Z,"13km SW of Valencia, CA",earthquake,0.32,0.75,0.269,79,reviewed,ci,ci
2002-01-31T06:29:00.000Z,45,-111.83,6.4,3.4,ml,16,,,,us,usp000axgx,2014-11-07T01:14:47.128Z,"33 km SSE of Virginia City, Montana",earthquake,,,,,reviewed,but,but
2002-01-31T18:17:45.490Z,40.287,-107.693,5,4.3,ml,32,,,0.85,us,usp000axhs,2014-11-07T01:14:47.243Z,"28 km SSW of Craig, Colorado",earthquake,,,,,reviewed,us,us
2002-02-01T03:10:56.788Z,37.5096,-118.6693,8.8,3,mb,9,130.55,0.024,0.0767,nn,nn00044080,2018-04-24T21:50:34.701Z,"2 km W of Swall Meadows, California",earthquake,,1.4,,,reviewed,nn,nn
2002-02-01T06:36:57.000Z,45.72,-112.12,3.8,3.4,ml,15,,,,us,usp000axjv,2014-11-07T01:14:49.238Z,"16 km S of Whitehall, Montana",earthquake,,,,,reviewed,but,but
2002-02-02T06:06:56.000Z,45.73,-112.12,6.3,3.6,ml,42,,,,us,usp000axma,2014-11-07T01:14:50.351Z,"15 km S of Whitehall, Montana",earthquake,,,,,reviewed,but,but
2002-02-04T02:58:13.247Z,38.0412,-118.9765,6.7,3.1,ml,7,129.46,0.128,0.0953,nn,nn00044156,2018-04-24T21:50:40.459Z,"14 km E of Mono City, California",earthquake,,2.8,,,reviewed,nn,nn
2002-02-04T04:39:10.160Z,33.0466667,-116.4401667,14.884,3.58,ml,62,33.5,0.1365,0.26,ci,ci12415448,2020-02-12T17:44:19.786Z,"16km ESE of Julian, CA",earthquake,0.34,1.16,0.368,87,reviewed,ci,ci
2002-02-04T12:03:47.150Z,40.791,-124.3001667,20.597,3.16,ml,26,176,0.3171,0.07,nc,nc21211569,2017-01-02T06:04:34.820Z,"10 km WNW of Bayview, California",earthquake,0.44,1.21,,3,reviewed,nc,nc
2002-02-04T18:36:35.370Z,40.7385,-122.5178333,18.89,3.03,md,14,65,0.08018,0.06,nc,nc21211609,2017-01-02T06:05:19.400Z,"11 km ENE of French Gulch, California",earthquake,0.31,0.38,0.09,46,reviewed,nc,nc
2002-02-05T05:12:43.462Z,39.1445,-119.582,7.9,3.1,ml,22,105.88,0.057,,nn,nn00044183,2018-04-24T21:50:41.654Z,"10 km S of Dayton, Nevada",earthquake,,,,,reviewed,nn,nn
2002-02-06T04:52:51.020Z,28.42,-69.947,10,3.6,mb,16,,,0.78,us,usp000axwg,2014-11-07T01:14:52.996Z,"off the east coast of the United States",earthquake,,,,2,reviewed,us,us
2002-02-07T05:29:31.650Z,34.1018333,-116.7086667,5.883,3.38,ml,93,24,0.1078,0.22,ci,ci9758113,2016-04-02T14:56:33.686Z,"13km WNW of Morongo Valley, CA",earthquake,0.21,1.21,0.253,84,reviewed,ci,ci
2002-02-07T16:18:58.273Z,40.4905,-115.8142,0,3.9,ml,3,152.31,0.506,0.1394,nn,nn00044265,2018-04-24T21:50:44.395Z,"32 km SW of Spring Creek, Nevada",earthquake,,0,,,reviewed,nn,nn
2002-02-08T16:07:13.600Z,34.727,-98.361,5,3.8,mblg,32,,,,us,usp000ay1d,2020-02-12T19:12:40.526Z,"8 km SW of Elgin, Oklahoma",earthquake,,,,,reviewed,tul,tul
2002-02-08T16:59:33.710Z,27.908,-112.174,10,4.2,mb,39,,,1.11,us,usp000ay1g,2014-11-07T01:14:53.485Z,"63 km N of Santa Rosalía, Mexico",earthquake,,,,8,reviewed,us,us
2002-02-09T02:29:18.170Z,28.209,-112.138,10,4.3,mb,25,,,0.8,us,usp000ay20,2014-11-07T01:14:53.529Z,"70 km SSW of Bahía de Kino, Mexico",earthquake,,,,4,reviewed,us,us
2002-02-09T02:42:20.250Z,32.3006667,-117.704,6.862,3.67,ml,6,226.5,0.7223,0.16,ci,ci12447436,2016-04-02T14:58:58.352Z,"63km W of Rosarito, B.C., MX",earthquake,2.31,18.09,0.314,103,reviewed,ci,ci
2002-02-10T01:51:05.960Z,36.7686667,-121.4736667,6.793,3.1,ml,65,34,0.05135,0.08,nc,nc21212190,2017-01-02T06:21:50.940Z,"10 km SE of San Juan Bautista, California",earthquake,0.14,0.33,,11,reviewed,nc,nc
2002-02-11T11:41:37.000Z,46.06,-73.46,10,3.8,mblg,17,,,,us,usp000ay81,2014-11-07T01:14:54.132Z,"2 km WNW of Notre-Dame-des-Prairies, Canada",earthquake,,,,,reviewed,ott,ott
2002-02-12T19:16:41.410Z,48.4133333,-122.2856667,18.139,3,md,47,64,,0.34,uw,uw10549668,2020-02-12T18:52:35.871Z,"3 km WNW of Big Lake, Washington",earthquake,0.071,0.14,0.04,15,reviewed,uw,uw
2002-02-18T23:05:34.270Z,32.2841667,-115.2738333,5.639,3.04,ml,7,263,0.5398,0.44,ci,ci12455464,2016-04-01T22:51:35.459Z,"11km SW of Delta, B.C., MX",earthquake,2.51,31.61,0.321,14,reviewed,ci,ci
2002-02-19T00:30:39.550Z,32.2595,-115.2481667,6.798,3.27,ml,7,265.2,0.5696,0.31,ci,ci12455484,2016-04-02T11:49:18.785Z,"8km WNW of Alberto Oviedo Mota, B.C., MX",earthquake,2.35,28.66,0.408,57,reviewed,ci,ci
2002-02-19T07:32:23.475Z,37.3745,-117.0983,5.8,3.3,ml,29,106.06,0.146,0.1145,nn,nn00044711,2018-04-24T21:51:09.812Z,"39 km SSE of Goldfield, Nevada",earthquake,,1.9,,,reviewed,nn,nn
2002-02-19T18:42:29.100Z,46.8586667,-121.753,-2.066,3.2,md,45,37,0.0187,0.37,uw,uw10551683,2016-07-23T00:56:15.890Z,"23 km ENE of Ashford, Washington",earthquake,0.057,0.12,0.03,6,reviewed,uw,uw
2002-02-21T09:52:35.750Z,37.4158333,-118.5173333,8.415,3.22,md,33,68,0.07297,0.05,nc,nc21213600,2018-04-24T21:51:19.481Z,"2 km E of Mesa, California",earthquake,0.25,0.94,0.1,53,reviewed,nc,nc
2002-02-21T18:27:25.700Z,32.565,-115.7748333,5.219,3.16,ml,9,229.7,0.1969,0.18,ci,ci12456160,2016-04-02T18:05:41.866Z,"18km W of Progreso, B.C., MX",earthquake,2.32,19.34,0.293,24,reviewed,ci,ci
2002-02-22T19:32:41.750Z,32.3188333,-115.3215,7.007,5.7,mw,20,217.5,0.4751,0.38,ci,ci12456384,2020-07-09T21:11:59.999Z,"13km WSW of Delta, B.C., MX",earthquake,2.44,31.95,,0,reviewed,ci,ci
2002-02-22T19:42:33.940Z,32.3246667,-115.3201667,7.017,3.37,ml,14,216.8,0.4719,0.29,ci,ci12456388,2016-04-02T11:50:41.681Z,"12km WSW of Delta, B.C., MX",earthquake,2.35,26.53,0.282,21,reviewed,ci,ci
2002-02-22T19:45:51.240Z,32.3721667,-115.3166667,6.97,3.24,ml,10,210.8,0.443,0.43,ci,ci12456400,2016-04-02T04:02:00.113Z,"12km W of Delta, B.C., MX",earthquake,2.58,36.49,0.169,8,reviewed,ci,ci
2002-02-22T19:47:59.320Z,32.3008333,-115.313,7.005,3.14,ml,12,239.5,0.4928,0.31,ci,ci12456396,2016-04-02T14:56:17.083Z,"13km WSW of Delta, B.C., MX",earthquake,2.57,27.84,0.249,10,reviewed,ci,ci
2002-02-22T19:49:19.040Z,32.2968333,-115.3136667,6.996,3.04,ml,14,239.9,0.4952,0.36,ci,ci12456404,2016-04-01T22:51:54.631Z,"13km WSW of Delta, B.C., MX",earthquake,2.39,31.53,0.278,18,reviewed,ci,ci
2002-02-22T19:50:09.430Z,32.3175,-115.3023333,6.997,3.17,ml,11,246.7,0.4878,0.23,ci,ci12456408,2016-04-02T14:59:10.823Z,"11km WSW of Delta, B.C., MX",earthquake,1.86,22.72,0.475,12,reviewed,ci,ci
2002-02-22T19:55:18.690Z,32.2913333,-115.3221667,7.005,3.12,ml,15,220.9,0.4941,0.31,ci,ci12456420,2016-04-02T08:34:05.437Z,"14km WSW of Delta, B.C., MX",earthquake,1.43,27.95,0.33,23,reviewed,ci,ci
2002-02-22T20:09:53.830Z,32.3158333,-115.3191667,7.007,3.19,ml,17,212.3,0.4786,0.3,ci,ci12456448,2016-04-02T14:59:12.097Z,"13km WSW of Delta, B.C., MX",earthquake,1.53,27.06,0.358,38,reviewed,ci,ci
2002-02-22T20:19:59.760Z,32.3065,-115.3201667,7.031,3.52,ml,16,219.1,0.4845,0.25,ci,ci12456460,2016-04-01T19:39:00.472Z,"13km WSW of Delta, B.C., MX",earthquake,2.3,23.12,0.323,50,reviewed,ci,ci
2002-02-22T20:33:49.140Z,32.3043333,-115.3331667,7.025,4.13,ml,15,228.6,0.4783,0.19,ci,ci12456476,2017-02-07T19:39:27.277Z,"14km WSW of Delta, B.C., MX",earthquake,1.95,19.08,0.259,121,reviewed,ci,ci
2002-02-22T20:39:28.360Z,32.3245,-115.3215,7.006,3.05,ml,14,216.8,0.4712,0.35,ci,ci12456480,2016-04-02T08:34:40.937Z,"12km WSW of Delta, B.C., MX",earthquake,3.18,30.48,0.304,12,reviewed,ci,ci
2002-02-22T21:20:11.220Z,32.2973333,-115.3233333,7.007,3.04,ml,16,220.1,0.4891,0.29,ci,ci12456548,2016-04-02T02:10:16.704Z,"14km WSW of Delta, B.C., MX",earthquake,1.82,26.43,0.37,25,reviewed,ci,ci
2002-02-22T21:34:46.640Z,32.3115,-115.3228333,7.017,3.19,ml,16,218.4,0.4794,0.35,ci,ci12456560,2016-04-02T14:59:35.065Z,"13km WSW of Delta, B.C., MX",earthquake,2.77,30.22,0.374,40,reviewed,ci,ci
2002-02-22T23:06:16.680Z,32.2626667,-115.3248333,7.006,3,ml,13,224.3,0.5137,0.3,ci,ci12456676,2016-04-02T05:22:49.592Z,"15km WNW of Alberto Oviedo Mota, B.C., MX",earthquake,2.83,27.82,0.382,19,reviewed,ci,ci
2002-02-22T23:20:34.780Z,32.2913333,-115.3288333,7.017,3.59,ml,18,220.8,0.4903,0.34,ci,ci12456696,2016-04-02T02:09:40.390Z,"15km WSW of Delta, B.C., MX",earthquake,2,29.65,0.305,56,reviewed,ci,ci
2002-02-22T23:23:48.860Z,32.2735,-115.3115,7.007,3.19,ml,17,223.2,0.5133,0.32,ci,ci12456700,2016-04-01T19:38:42.677Z,"14km WNW of Alberto Oviedo Mota, B.C., MX",earthquake,2.49,28.54,0.335,37,reviewed,ci,ci
2002-02-23T06:23:38.960Z,32.279,-115.325,6.996,3.36,ml,16,222.3,0.5015,0.26,ci,ci12457084,2016-04-02T02:08:38.667Z,"15km SW of Delta, B.C., MX",earthquake,1.64,24.4,0.282,43,reviewed,ci,ci
2002-02-23T06:29:40.020Z,32.2861667,-115.3336667,6.996,3.68,ml,17,221.4,0.4913,0.35,ci,ci12457092,2016-04-01T19:37:52.410Z,"15km WSW of Delta, B.C., MX",earthquake,2.36,30.82,0.55,62,reviewed,ci,ci
2002-02-23T16:29:21.770Z,32.2725,-115.3228333,7.016,3.42,ml,16,223.1,0.5075,0.27,ci,ci12457484,2016-04-02T18:05:54.241Z,"15km WNW of Alberto Oviedo Mota, B.C., MX",earthquake,2.63,25.26,0.512,39,reviewed,ci,ci
2002-02-23T18:05:15.040Z,32.255,-115.3275,7.016,3.14,ml,17,225.1,0.518,0.27,ci,ci12457508,2016-04-02T05:21:27.485Z,"15km WNW of Alberto Oviedo Mota, B.C., MX",earthquake,2.34,24.61,0.377,12,reviewed,ci,ci
2002-02-23T22:31:53.570Z,37.6846,-115.295,2.6,3.3,ml,6,163.94,0.339,0.3398,nn,nn00045003,2018-04-24T21:51:21.780Z,"11 km NNW of Hiko, Nevada",earthquake,,10.7,,,reviewed,nn,nn
2002-02-24T13:11:47.370Z,32.2808333,-115.3398333,6.996,3.17,ml,19,216.1,0.4917,0.32,ci,ci12457988,2016-04-02T18:06:48.431Z,"16km WSW of Delta, B.C., MX",earthquake,1.75,28.04,0.285,38,reviewed,ci,ci
2002-02-24T21:38:33.000Z,45.29,-75.17,18,3.1,mblg,8,,,,us,usp000az47,2014-11-07T01:14:57.813Z,"7 km WSW of Casselman, Canada",earthquake,,,,,reviewed,ott,ott
2002-02-25T01:28:09.400Z,33.1406667,-115.6253333,7.393,3.26,ml,38,45.2,0.03759,0.25,ci,ci12458380,2016-04-02T11:48:26.889Z,"10km W of Calipatria, CA",earthquake,0.42,1.32,0.318,43,reviewed,ci,ci
2002-02-25T01:29:11.700Z,32.3325,-115.3095,6.007,3.97,ml,18,218,0.4732,0.35,ci,ci12458384,2016-04-02T05:20:33.860Z,"11km WSW of Delta, B.C., MX",earthquake,1.77,31.61,0.247,63,reviewed,ci,ci
2002-02-25T03:42:39.980Z,32.2983333,-115.3241667,7.017,3.01,ml,15,220,0.4879,0.29,ci,ci12458480,2016-04-02T11:48:28.414Z,"14km WSW of Delta, B.C., MX",earthquake,2.55,26.19,0.353,22,reviewed,ci,ci
2002-02-25T03:45:03.330Z,32.2946667,-115.3341667,7.016,3.26,ml,17,220.3,0.4847,0.27,ci,ci12458484,2016-04-02T14:56:52.642Z,"15km WSW of Delta, B.C., MX",earthquake,1.85,24.77,0.306,38,reviewed,ci,ci
2002-02-25T03:49:34.160Z,32.2991667,-115.326,7.007,3.17,ml,16,219.9,0.4863,0.33,ci,ci12458488,2016-04-02T18:04:56.456Z,"14km WSW of Delta, B.C., MX",earthquake,2.22,29.05,0.305,31,reviewed,ci,ci
2002-02-25T06:44:19.300Z,32.3248333,-115.339,7.017,3.32,ml,18,225.7,0.4603,0.29,ci,ci12458580,2016-04-01T22:50:30.124Z,"14km WSW of Delta, B.C., MX",earthquake,1.83,25.82,0.498,35,reviewed,ci,ci
2002-02-25T14:24:58.330Z,32.4631667,-115.268,6.991,3.01,ml,18,199,0.3643,0.38,ci,ci12458748,2016-04-01T19:36:25.002Z,"14km SE of Puebla, B.C., MX",earthquake,1.74,29.77,0.257,38,reviewed,ci,ci
2002-02-25T19:48:36.530Z,36.2445,-116.855,7.089,3.23,ml,19,127.5,0.2222,0.17,ci,ci12458932,2018-04-24T21:51:26.882Z,"23km S of Furnace Creek, CA",earthquake,0.57,6.73,0.336,22,reviewed,ci,ci
2002-02-26T02:50:24.370Z,32.2845,-115.3043333,6.649,3,ml,7,255.6,0.5331,0.34,ci,ci12459088,2016-04-02T18:04:20.107Z,"13km SW of Delta, B.C., MX",earthquake,1.72,30.45,0.335,15,reviewed,ci,ci
2002-02-27T01:18:45.720Z,32.3385,-115.3236667,6.961,3.19,ml,12,223.5,0.4603,0.21,ci,ci12459580,2016-04-02T05:20:47.195Z,"12km W of Delta, B.C., MX",earthquake,1.75,20.35,0.343,46,reviewed,ci,ci
2002-02-28T04:25:24.670Z,32.2495,-115.3258333,6.996,3.04,ml,16,225.8,0.5231,0.37,ci,ci12467560,2016-04-01T22:52:21.410Z,"15km W of Alberto Oviedo Mota, B.C., MX",earthquake,1.79,32.24,0.267,8,reviewed,ci,ci
2002-02-28T11:12:45.350Z,32.2643333,-115.3191667,6.996,3.02,ml,16,234.2,0.5156,0.28,ci,ci9504662,2016-04-02T00:47:18.945Z,"15km WNW of Alberto Oviedo Mota, B.C., MX",earthquake,1.68,26.03,0.349,27,reviewed,ci,ci
2002-02-28T22:04:54.190Z,32.2351667,-115.3113333,7.006,3.19,ml,16,227.7,0.542,0.29,ci,ci12467780,2016-04-02T18:07:48.173Z,"13km W of Alberto Oviedo Mota, B.C., MX",earthquake,3.55,26.81,0.357,1,reviewed,ci,ci
2002-03-02T07:19:03.950Z,40.8388333,-120.6341667,-1.653,3.11,ml,47,188,0.4351,0.17,nc,nc21214773,2018-04-24T21:51:40.309Z,"44 km SSW of Likely, California",earthquake,0.63,0.98,,3,reviewed,nc,nc
2002-03-02T19:27:40.630Z,39.229,-123.0975,6.405,3.01,md,41,43,0.0991,0.05,nc,nc21214820,2017-01-02T07:33:33.200Z,"9 km E of Calpella, California",earthquake,0.12,0.56,0.07,53,reviewed,nc,nc
2002-03-03T00:09:00.640Z,35.4216667,-116.454,5.819,3.23,ml,14,76.4,0.3114,0.08,ci,ci12471776,2016-04-02T02:06:49.396Z,"27km NE of Fort Irwin, CA",earthquake,0.39,8.92,0.582,80,reviewed,ci,ci
2002-03-03T20:07:17.820Z,32.263,-115.3245,7.016,3.11,ml,15,243.2,0.5136,0.28,ci,ci12471992,2016-04-01T22:50:55.130Z,"15km WNW of Alberto Oviedo Mota, B.C., MX",earthquake,2.61,25.62,0.434,38,reviewed,ci,ci
2002-03-04T13:12:22.200Z,32.2416667,-115.3231667,7.026,3.44,ml,18,237.3,0.5305,0.39,ci,ci12472200,2016-04-01T22:52:58.655Z,"14km W of Alberto Oviedo Mota, B.C., MX",earthquake,2.53,33.46,0.343,63,reviewed,ci,ci
2002-03-05T22:23:03.847Z,37.3701,-117.127,10.7,3.2,ml,27,103.4,0.125,0.1634,nn,nn00045480,2018-04-24T21:51:46.443Z,"California-Nevada border region",earthquake,,4.1,,,reviewed,nn,nn
2002-03-05T23:08:15.240Z,36.5685,-121.1578333,2.892,3.12,md,65,35,0.02703,0.06,nc,nc21215402,2017-01-02T07:49:03.120Z,"21 km NE of Soledad, California",earthquake,0.09,0.24,0.12,111,reviewed,nc,nc
2002-03-06T12:32:40.500Z,32.2996667,-115.3246667,7.007,3.19,ml,17,219.8,0.4867,0.4,ci,ci12472836,2016-04-01T19:37:46.069Z,"14km WSW of Delta, B.C., MX",earthquake,2.16,33.79,0.364,1,reviewed,ci,ci
2002-03-06T19:50:41.000Z,32.2795,-115.3405,7.006,3.35,ml,15,222.1,0.4923,0.35,ci,ci12472908,2016-04-02T18:06:18.257Z,"16km WSW of Delta, B.C., MX",earthquake,2.43,30.84,0.508,38,reviewed,ci,ci
2002-03-07T06:58:34.440Z,32.2705,-115.3348333,7.046,3.06,ml,15,223.2,0.5023,0.23,ci,ci12473068,2016-04-02T02:07:11.999Z,"16km WNW of Alberto Oviedo Mota, B.C., MX",earthquake,2.31,21.86,0.134,1,reviewed,ci,ci
2002-03-10T19:59:05.230Z,37.541,-118.8693333,7.657,3.73,ml,39,75,0.05856,0.03,nc,nc21215994,2017-03-17T16:53:23.657Z,"13 km W of Aspen Springs, California",earthquake,0.26,0.49,,5,reviewed,nc,nc
2002-03-11T07:07:58.030Z,37.5411667,-118.8693333,7.093,3.01,ml,37,109,0.05856,0.03,nc,nc21216077,2017-01-02T08:08:50.980Z,"13 km W of Aspen Springs, California",earthquake,0.23,0.49,,2,reviewed,nc,nc
2002-03-12T07:13:25.790Z,41.62,-69.33,1,3,mblg,10,,,,us,usp000b05r,2014-11-07T01:15:07.819Z,"52 km E of Chatham, Massachusetts",earthquake,,,,,reviewed,wes,wes
2002-03-12T08:30:47.670Z,37.2496667,-89.9596667,9.93,3.1,md,23,292,0.3727,0.19,nm,nm605010,2020-02-12T19:12:16.524Z,"6 km S of Marble Hill, Missouri",earthquake,7.6,8.4,0.298,13,reviewed,nm,nm
2002-03-14T18:41:27.420Z,34.845,-116.3523333,6.47,3.28,ml,24,84.7,0.02111,0.2,ci,ci12583548,2016-04-02T18:05:45.153Z,"22km NW of Ludlow, CA",earthquake,0.46,0.75,0.282,77,reviewed,ci,ci
2002-03-14T23:53:18.120Z,40.8483333,-123.4461667,23.435,3.14,ml,31,55,0.2189,0.06,nc,nc21216498,2017-01-02T08:24:28.680Z,"4 km NNE of Burnt Ranch, California",earthquake,0.16,0.8,,3,reviewed,nc,nc
2002-03-15T16:57:56.580Z,34.5185,-116.2913333,4.548,3.43,ml,50,41.6,0.1175,0.24,ci,ci12615428,2016-04-01T19:39:16.840Z,"26km SSW of Ludlow, CA",earthquake,0.3,17.65,0.273,86,reviewed,ci,ci
2002-03-15T17:39:25.660Z,34.5215,-116.293,4.548,3.07,ml,46,39.3,0.1206,0.23,ci,ci12619436,2016-04-02T02:10:35.388Z,"25km SSW of Ludlow, CA",earthquake,0.3,19.34,0.264,51,reviewed,ci,ci
2002-03-16T21:33:23.820Z,33.666,-119.33,6.765,4.6,ml,39,122.5,0.4476,0.31,ci,ci12659440,2020-02-12T17:43:23.447Z,"33km NW of Santa Barbara Is., CA",earthquake,0.58,22.45,0.742,112,reviewed,ci,ci
2002-03-17T05:46:14.280Z,33.6673333,-119.3263333,6.658,3.17,ml,22,126.4,0.4499,0.21,ci,ci12663480,2016-04-02T05:23:50.246Z,"33km NW of Santa Barbara Is., CA",earthquake,0.98,20.03,0.336,61,reviewed,ci,ci
2002-03-17T05:50:43.140Z,33.8728333,-117.8558333,9.402,3.21,ml,55,45.2,0.05549,0.34,ci,ci12663484,2020-02-12T17:42:53.516Z,"1km E of Placentia, CA",earthquake,0.41,1.17,0.218,68,reviewed,ci,ci
2002-03-17T21:56:16.689Z,39.9437,-120.6977,8.2,3,ml,6,181.61,0.041,0.0498,nn,nn00046109,2018-04-24T21:52:11.217Z,"6 km NE of Greenhorn, California",earthquake,,6.7,,,reviewed,nn,nn
2002-03-19T22:14:49.210Z,30.12,-113.666,10,4.1,mb,50,,,1.23,us,usp000b0nt,2014-11-07T01:15:12.277Z,"96 km WNW of La Libertad, Mexico",earthquake,,,,5,reviewed,us,us
2002-03-20T07:35:12.830Z,37.596,-122.4566667,7.836,3.19,ml,81,72,0.03243,0.06,nc,nc21217750,2020-02-12T17:42:27.845Z,"3 km SE of Pacifica, California",earthquake,0.14,0.29,,11,reviewed,nc,nc
2002-03-23T12:27:32.700Z,34.2668333,-116.7743333,1.128,3.4,ml,87,19.7,0.09216,0.19,ci,ci9772973,2016-04-02T15:00:57.490Z,"6km E of Big Bear City, CA",earthquake,0.24,0.62,0.238,22,reviewed,ci,ci
2002-03-23T14:02:11.540Z,30.236,-113.755,10,4.4,mb,103,,,1.21,us,usp000b0ws,2014-11-07T01:15:13.192Z,"Gulf of California",earthquake,,,,17,reviewed,us,us
2002-03-24T10:44:07.976Z,37.0022,-115.0535,9,4.3,ml,13,172.57,0.404,0.1575,nn,nn00046406,2018-04-24T21:52:30.354Z,"41 km SSE of Alamo, Nevada",earthquake,,2.5,0.32,11,reviewed,nn,nn
2002-03-24T22:00:31.000Z,43.18,-110.79,0,3.4,md,31,,,,us,usp000b0zc,2014-11-07T01:15:13.809Z,"11 km S of Hoback, Wyoming",earthquake,,,,,reviewed,usbr,usbr
2002-03-25T10:09:05.000Z,43.19,-110.79,0,3.1,md,9,,,,us,usp000b10f,2014-11-07T01:15:13.975Z,"10 km S of Hoback, Wyoming",earthquake,,,,,reviewed,usbr,usbr
2002-03-26T04:10:27.200Z,30.233,-113.496,10,4,mb,22,,,0.9,us,usp000b12k,2014-11-07T01:15:14.256Z,"85 km WNW of La Libertad, Mexico",earthquake,,,,1,reviewed,us,us
2002-03-26T09:10:12.200Z,32.3136667,-115.3273333,7.007,3.04,ml,15,218.1,0.4752,0.26,ci,ci9773533,2016-04-02T18:09:06.196Z,"13km WSW of Delta, B.C., MX",earthquake,1.88,23.59,0.382,1,reviewed,ci,ci
2002-03-26T11:28:33.700Z,32.8123333,-115.6055,16.478,3.03,ml,33,105.7,0.08459,0.33,ci,ci9773557,2016-04-02T18:09:07.699Z,"5km SW of Imperial, CA",earthquake,0.57,1.15,0.269,21,reviewed,ci,ci
2002-03-26T15:03:47.130Z,30.189,-113.816,10,4.4,mb,90,,,1.26,us,usp000b13y,2014-11-07T01:15:14.448Z,"112 km WNW of La Libertad, Mexico",earthquake,,,,11,reviewed,us,us
2002-03-26T19:44:27.610Z,32.2926667,-115.3211667,7.017,3.74,ml,19,215,0.4938,0.33,ci,ci9773629,2016-04-01T22:54:54.780Z,"14km WSW of Delta, B.C., MX",earthquake,2.21,29.05,0.583,82,reviewed,ci,ci
2002-03-27T11:18:05.920Z,30.216,-114.011,10,4.7,mb,69,,,0.98,us,usp000b15x,2014-11-07T01:15:14.668Z,"119 km SE of San Felipe, Mexico",earthquake,,,,12,reviewed,us,us
2002-03-27T13:23:08.560Z,34.5251667,-116.2913333,7.778,3,ml,55,42.9,0.1242,0.34,ci,ci9773785,2016-04-02T08:35:17.161Z,"25km SSW of Ludlow, CA",earthquake,0.36,2.76,0.341,90,reviewed,ci,ci
2002-03-28T06:56:08.030Z,33.3501667,-115.752,5.133,3.03,ml,58,46.5,0.01588,0.25,ci,ci9774045,2016-04-02T05:25:02.703Z,"2km W of Bombay Beach, CA",earthquake,0.33,0.9,0.254,107,reviewed,ci,ci
2002-03-29T19:41:57.180Z,38.7143333,-119.7823333,-1.317,3.39,ml,86,128,0.2216,0.19,nc,nc21219065,2018-04-24T21:52:45.196Z,"2 km N of Markleeville, California",earthquake,0.29,0.64,,5,reviewed,nc,nc
2002-03-30T02:01:55.860Z,32.5058333,-115.2403333,7.007,3.27,ml,19,195.9,0.317,0.31,ci,ci9774505,2016-04-02T18:09:09.221Z,"12km ESE of Puebla, B.C., MX",earthquake,0.95,22.45,0.377,52,reviewed,ci,ci
2002-03-30T13:50:51.710Z,33.1946667,-116.728,8.127,3.84,ml,62,39.3,0.1551,0.27,ci,ci9774569,2020-02-12T17:42:02.924Z,"6km SSE of Lake Henshaw, CA",earthquake,0.28,1.71,0.223,134,reviewed,ci,ci
2002-03-31T11:44:57.030Z,31.7216667,-116.0271667,-0.9,3.16,ml,10,316,0.9284,0.16,ci,ci9774729,2016-04-02T05:23:59.565Z,"51km E of Maneadero, B.C., MX",earthquake,1.07,31.61,0.095,17,reviewed,ci,ci
2002-03-31T18:35:01.740Z,43.159,-110.718,5,3.5,ml,35,,,0.64,us,usp000b1ez,2014-11-07T01:15:16.657Z,"14 km SSE of Hoback, Wyoming",earthquake,,,,,reviewed,us,us
2002-04-01T06:47:37.930Z,38.7846667,-122.7586667,2.071,3.13,md,45,30,0.03514,0.06,nc,nc21219453,2017-01-02T09:28:20.420Z,"5 km SW of Cobb, California",earthquake,0.11,0.38,0.12,56,reviewed,nc,nc
2002-04-05T01:18:48.200Z,43.943,-108.097,5,3.3,ml,28,,,0.8,us,usp000b1r2,2014-11-07T01:15:21.121Z,"7 km W of South Flat, Wyoming",earthquake,,,,,reviewed,us,us
2002-04-05T08:02:56.050Z,34.524,-116.2946667,4.548,4.39,ml,61,38.5,0.1231,0.24,ci,ci9775765,2020-02-12T17:41:40.964Z,"25km SSW of Ludlow, CA",earthquake,0.31,22.03,1.018,134,reviewed,ci,ci
2002-04-06T19:13:49.190Z,44.573,-116.136,5,3.5,ml,35,,,0.81,us,usp000b1vz,2016-07-23T00:57:57.950Z,"9 km NW of Cascade, Idaho",earthquake,,,,,reviewed,us,us
2002-04-07T06:01:26.560Z,38.8225,-122.798,3.42,3.32,ml,52,36,0.01532,0.05,nc,nc21220385,2017-01-02T09:51:49.090Z,"6 km W of Cobb, California",earthquake,0.1,0.34,,10,reviewed,nc,nc
2002-04-07T13:02:34.000Z,46.01,-111.43,7,3.2,ml,21,,,,us,usp000b1xf,2014-11-07T01:15:22.188Z,"5 km WSW of Ponderosa Pines, Montana",earthquake,,,,,reviewed,but,but
2002-04-07T13:58:43.480Z,32.1051667,-115.4556667,6.961,3.3,ml,16,232.5,0.589,0.28,ci,ci9776225,2016-04-02T11:52:05.446Z,"30km WSW of Alberto Oviedo Mota, B.C., MX",earthquake,3.45,26.04,0.406,30,reviewed,ci,ci
2002-04-07T23:32:22.970Z,31.8211667,-116.2233333,0.482,3.16,ml,14,274,0.8322,0.21,ci,ci9776349,2016-04-02T18:09:30.658Z,"34km ENE of Maneadero, B.C., MX",earthquake,4.96,9.3,0.369,50,reviewed,ci,ci
2002-04-09T17:15:03.700Z,32.3441667,-115.313,6.968,3.01,ml,14,214.5,0.4633,0.26,ci,ci9776853,2016-04-02T05:25:15.360Z,"11km W of Delta, B.C., MX",earthquake,2.29,23.73,0.234,8,reviewed,ci,ci
2002-04-11T13:43:16.360Z,32.2871667,-115.3163333,7.005,3.3,ml,18,215.7,0.5006,0.35,ci,ci9777393,2016-04-01T19:36:49.684Z,"14km WSW of Delta, B.C., MX",earthquake,1.73,30.11,0.732,51,reviewed,ci,ci
2002-04-12T12:17:32.190Z,37.5148333,-118.8278333,1.675,3.03,md,34,78,0.07477,0.04,nc,nc21221184,2017-01-02T10:10:08.100Z,"11 km WSW of Aspen Springs, California",earthquake,0.24,0.7,0.09,42,reviewed,nc,nc
2002-04-14T17:18:37.193Z,38.7932,-118.7912,7,3,ml,9,119.72,0.404,0.1178,nn,nn00047357,2018-04-24T21:53:26.592Z,"16 km N of Walker Lake, Nevada",earthquake,,11.7,,,reviewed,nn,nn
2002-04-15T22:57:00.860Z,38.8445,-122.8128333,0.57,3.41,ml,45,30,0.03964,0.09,nc,nc21221617,2017-01-02T16:32:27.320Z,"8 km WNW of Cobb, California",earthquake,0.15,0.77,,15,reviewed,nc,nc
2002-04-17T22:06:55.610Z,25.762,-109.991,10,4.6,mb,65,,,1.26,us,usp000b2m7,2014-11-07T01:15:26.043Z,"66 km W of Las Grullas Margen Derecha, Mexico",earthquake,,,,18,reviewed,us,us
2002-04-18T11:35:40.700Z,38.7908333,-122.7741667,2.261,3.98,mw,51,33,0.02342,0.05,nc,nc21221952,2017-03-17T16:54:19.089Z,"5 km SW of Cobb, California",earthquake,0.11,0.37,,5,reviewed,nc,nc
2002-04-19T11:02:42.770Z,36.7826667,-121.4845,4.618,3.05,md,65,34,0.03514,0.08,nc,nc21222083,2017-01-02T16:54:09.260Z,"8 km SE of San Juan Bautista, California",earthquake,0.12,0.27,0.11,90,reviewed,nc,nc
2002-04-20T10:50:47.450Z,44.5123333,-73.6973333,4.83,5.3,mlg,11,91,0.3375,0.18,ld,ld2002042000,2021-05-13T21:56:30.868Z,"8 km NNW of Au Sable Forks, New York",earthquake,0.5,1.73,,,reviewed,ld,ld
2002-04-20T11:04:42.420Z,44.4898333,-73.6898333,5,3.7,mlg,8,88,0.3575,0.26,ld,ld2002042001,2021-05-13T21:56:31.379Z,"5 km NNW of Au Sable Forks, New York",earthquake,0.6,31.61,,,reviewed,ld,ld
2002-04-20T16:17:59.780Z,40.7286667,-123.6848333,30.409,3.35,md,21,102,0.1505,0.07,nc,nc21222194,2017-01-02T16:56:30.940Z,"19 km WSW of Burnt Ranch, California",earthquake,0.26,0.61,0.07,48,reviewed,nc,nc
2002-04-23T11:59:20.720Z,36.8671667,-121.607,8.552,3.6,mw,83,55,0.02072,0.09,nc,nc21222598,2020-02-12T17:41:14.928Z,"3 km SE of Aromas, California",earthquake,0.15,0.31,,4,reviewed,nc,nc
2002-04-24T10:00:51.000Z,46.86,-113.26,9.1,3.1,ml,13,,,,us,usp000b31y,2014-11-07T01:15:27.987Z,"20 km SSW of Ovando, Montana",earthquake,,,,,reviewed,but,but
2002-04-26T11:01:26.260Z,39.0395,-123.1238333,4.808,3.8,mw,38,42,0.08108,0.1,nc,nc21223167,2017-03-17T16:56:24.736Z,"7 km N of Hopland, California",earthquake,0.18,0.71,,3,reviewed,nc,nc
2002-04-27T03:05:57.270Z,39.469,-123.3263333,7.798,3.38,ml,43,69,0.145,0.08,nc,nc21223258,2020-02-12T17:40:49.164Z,"5 km ENE of Brooktrails, California",earthquake,0.17,0.6,,12,reviewed,nc,nc
2002-04-29T00:43:29.770Z,40.6021667,-124.4496667,28.697,4.6,mw,16,227,0.1532,0.04,nc,nc21223451,2020-02-12T17:40:25.280Z,"15 km W of Ferndale, California",earthquake,0.55,0.83,,3,reviewed,nc,nc
2002-04-29T12:24:41.100Z,32.0535,-114.9573333,6.008,4.1,ml,6,287.1,0.9612,0.12,ci,ci12883788,2016-04-02T18:16:09.774Z,"16km SSE of Estacion Coahuila, B.C., MX",earthquake,1.52,31.61,0.369,52,reviewed,ci,ci
2002-04-30T05:36:57.570Z,36.9605,-121.5906667,4.671,3.11,md,95,28,0.006306,0.1,nc,nc21223624,2020-02-12T17:40:01.004Z,"5 km SSW of Gilroy, California",earthquake,0.13,0.28,0.08,117,reviewed,nc,nc
2002-05-01T23:02:28.280Z,35.7133333,-118.078,1.495,3.01,ml,38,34.4,0.02364,0.18,ci,ci12887672,2016-04-02T15:07:53.523Z,"25km WNW of Inyokern, CA",earthquake,0.32,0.53,0.272,30,reviewed,ci,ci
2002-05-02T06:00:15.060Z,35.7096667,-118.0788333,1.655,3.84,ml,43,38.2,0.02691,0.18,ci,ci12887732,2016-04-01T19:54:27.332Z,"25km WNW of Inyokern, CA",earthquake,0.27,0.49,0.923,133,reviewed,ci,ci
2002-05-02T11:51:44.220Z,36.9615,-121.592,4.181,3.14,ml,89,28,0.008108,0.12,nc,nc21223902,2017-01-02T17:35:36.620Z,"5 km SSW of Gilroy, California",earthquake,0.14,0.27,,12,reviewed,nc,nc
2002-05-02T13:19:34.560Z,40.1636667,-123.1791667,33.683,3.08,md,61,33,0.2234,0.15,nc,nc21223916,2017-01-02T17:36:13.780Z,"16 km SE of Ruth, California",earthquake,0.2,0.66,0.13,43,reviewed,nc,nc
2002-05-04T04:58:52.150Z,40.2846667,-124.4318333,21.305,3.11,ml,29,229,0.1018,0.1,nc,nc21224225,2017-01-02T17:41:31.570Z,"35 km SSW of Ferndale, California",earthquake,1.05,0.3,,3,reviewed,nc,nc
2002-05-04T08:54:06.000Z,40.32,-124.4,10.2,3,ml,6,,,,us,usp000b3pv,2014-11-07T01:15:34.356Z,"30 km SSW of Ferndale, California",earthquake,,,,,reviewed,nc,brk
2002-05-04T09:39:52.430Z,40.319,-124.5333333,4.445,3.15,md,34,227,0.1865,0.05,nc,nc21224278,2017-01-02T17:42:59.240Z,"near the coast of Northern California",earthquake,0.64,0.45,0.13,24,reviewed,nc,nc
2002-05-04T10:20:23.320Z,40.3081667,-124.5108333,7.375,3.56,md,46,226,0.1667,0.08,nc,nc21224282,2017-03-17T16:57:49.607Z,"36 km SW of Ferndale, California",earthquake,0.62,0.39,0.19,50,reviewed,nc,nc
2002-05-04T12:17:01.050Z,40.306,-124.5006667,7.285,3.9,mw,42,226,0.1586,0.08,nc,nc21224294,2017-03-17T16:58:41.024Z,"36 km SSW of Ferndale, California",earthquake,0.72,0.4,,4,reviewed,nc,nc
2002-05-04T12:54:24.700Z,40.3053333,-124.4948333,7.215,3.8,mw,38,225,0.1541,0.1,nc,nc21224295,2017-03-17T16:59:20.596Z,"35 km SSW of Ferndale, California",earthquake,0.63,0.39,,4,reviewed,nc,nc
2002-05-04T13:05:35.890Z,40.3043333,-124.4848333,7.555,3.65,md,38,228,0.1468,0.11,nc,nc21224298,2017-03-17T16:59:54.419Z,"35 km SSW of Ferndale, California",earthquake,0.72,0.36,0.09,31,reviewed,nc,nc
2002-05-04T13:28:08.650Z,40.3076667,-124.4786667,8.685,3.49,md,22,249,0.1441,0.08,nc,nc21224302,2017-01-02T17:44:45.774Z,"34 km SSW of Ferndale, California",earthquake,1.15,0.47,0.06,17,reviewed,nc,nc
2002-05-04T13:56:32.990Z,40.3126667,-124.5416667,6.075,4.4,mw,52,230,0.1901,0.05,nc,nc21224315,2017-03-17T17:00:53.324Z,"37 km SW of Ferndale, California",earthquake,0.47,0.34,,4,reviewed,nc,nc
2002-05-04T14:24:48.500Z,40.3165,-124.4783333,6.385,3.57,md,37,246,0.1477,0.03,nc,nc21224320,2017-03-17T17:02:13.565Z,"34 km SSW of Ferndale, California",earthquake,0.6,0.38,0.13,39,reviewed,nc,nc
2002-05-04T17:45:47.670Z,40.3108333,-124.497,6.355,3.44,ml,33,225,0.1577,0.07,nc,nc21224357,2017-01-02T17:46:33.130Z,"35 km SW of Ferndale, California",earthquake,0.73,0.4,,4,reviewed,nc,nc
2002-05-04T19:33:00.350Z,40.3078333,-124.4686667,7.955,3.14,md,26,248,0.1369,0.04,nc,nc21224379,2017-01-02T17:47:14.191Z,"34 km SSW of Ferndale, California",earthquake,0.87,0.42,0.12,20,reviewed,nc,nc
2002-05-05T05:34:09.270Z,40.3166667,-124.5571667,6.375,3.36,md,35,238,0.2027,0.04,nc,nc21224455,2017-01-02T17:48:35.968Z,"38 km SW of Ferndale, California",earthquake,0.66,0.44,0.12,27,reviewed,nc,nc
2002-05-05T05:48:30.680Z,36.9033333,-121.6295,5.955,3.17,ml,85,39,0.03514,0.09,nc,nc21224461,2017-01-02T17:48:44.250Z,"2 km NE of Aromas, California",earthquake,0.12,0.27,,12,reviewed,nc,nc
2002-05-06T07:43:23.930Z,40.3188333,-124.4708333,6.085,3.2,md,20,234,0.1432,0.03,nc,nc21224587,2017-01-02T17:51:50.920Z,"33 km SSW of Ferndale, California",earthquake,0.72,0.37,0.12,22,reviewed,nc,nc
2002-05-06T08:45:48.590Z,40.31,-124.4811667,6.695,3.27,ml,24,230,0.1468,0.06,nc,nc21224597,2017-01-02T17:52:16.278Z,"34 km SSW of Ferndale, California",earthquake,0.93,0.53,,3,reviewed,nc,nc
2002-05-07T22:31:48.170Z,35.7155,-118.0681667,1.705,3.42,ml,39,33.3,,0.18,ci,ci12943648,2016-04-01T23:09:14.236Z,"24km WNW of Inyokern, CA",earthquake,0.27,0.53,1.019,128,reviewed,ci,ci
2002-05-08T14:59:36.110Z,38.2238333,-121.8375,17.43,3.6,mw,167,45,0.07477,0.28,nc,nc21224932,2017-03-17T17:02:48.933Z,"14 km WNW of Rio Vista, California",earthquake,0.22,0.31,,4,reviewed,nc,nc
2002-05-08T15:19:59.000Z,43.17,-110.77,7,3.3,md,32,,,,us,usp000b3yu,2014-11-07T01:15:35.768Z,"12 km S of Hoback, Wyoming",earthquake,,,,,reviewed,usbr,usbr
2002-05-08T15:51:30.000Z,43.17,-110.78,7,3.2,md,26,,,,us,usp000b3yx,2014-11-07T01:15:35.777Z,"12 km S of Hoback, Wyoming",earthquake,,,,,reviewed,usbr,usbr
2002-05-08T16:18:11.010Z,36.2361667,-120.3423333,9.393,3.19,md,51,58,0.01351,0.08,nc,nc21224941,2017-01-02T18:01:37.680Z,"10 km N of Coalinga, California",earthquake,0.16,0.24,0.1,115,reviewed,nc,nc
2002-05-08T21:32:13.340Z,40.346,-124.4598333,3.085,3.19,ml,18,245,0.1523,0.19,nc,nc21224999,2017-01-02T18:02:59.892Z,"30 km SSW of Ferndale, California",earthquake,1.37,1.09,,2,reviewed,nc,nc
2002-05-09T05:56:35.830Z,40.3175,-124.4641667,6.655,3.39,md,22,234,0.1387,0.04,nc,nc21225023,2017-01-02T18:03:56.085Z,"33 km SSW of Ferndale, California",earthquake,0.57,0.38,0.12,20,reviewed,nc,nc
2002-05-09T11:07:55.860Z,38.7978333,-122.7298333,2.674,3.78,mw,49,29,0.02613,0.09,nc,nc21225043,2017-03-17T17:03:41.567Z,"2 km SSW of Cobb, California",earthquake,0.13,0.39,,5,reviewed,nc,nc
2002-05-14T05:00:29.500Z,36.9668333,-121.5983333,6.791,4.9,mw,110,30,0.01532,0.15,nc,nc21254601,2020-02-12T17:39:33.701Z,"5 km SSW of Gilroy, California",earthquake,0.15,0.31,,4,reviewed,nc,nc
2002-05-14T06:20:35.840Z,36.964,-121.5943333,6.841,3.21,ml,98,29,0.01171,0.12,nc,nc21225566,2017-01-02T18:20:07.260Z,"5 km SSW of Gilroy, California",earthquake,0.14,0.33,,12,reviewed,nc,nc
2002-05-14T21:32:05.370Z,38.8113333,-122.7991667,0.89,3.53,ml,51,37,0.005405,0.07,nc,nc21225692,2017-03-17T17:04:42.685Z,"6 km W of Cobb, California",earthquake,0.11,0.25,,13,reviewed,nc,nc
2002-05-14T22:48:29.090Z,38.8093333,-122.8078333,1.74,3.25,ml,45,34,0.01081,0.05,nc,nc21225706,2017-01-02T18:23:50.860Z,"7 km W of Cobb, California",earthquake,0.12,0.32,,12,reviewed,nc,nc
2002-05-15T17:54:48.600Z,42.2313333,-121.9011667,6.309,4.3,md,17,112,0.116,0.24,uw,uw10555268,2016-07-23T01:03:31.190Z,"9 km W of Klamath Falls, Oregon",earthquake,0.813,0.79,0.04,5,reviewed,uw,uw
2002-05-16T11:48:16.510Z,38.8246667,-122.803,3.89,3.15,ml,49,34,0.01802,0.05,nc,nc21225905,2017-01-02T18:28:10.090Z,"6 km W of Cobb, California",earthquake,0.12,0.29,,10,reviewed,nc,nc
2002-05-18T05:40:32.030Z,37.54,-118.8686667,7.31,3.17,ml,37,109,0.05946,0.03,nc,nc21226146,2021-03-10T00:01:34.290Z,"13 km W of Aspen Springs, California",earthquake,0.27,0.51,,2,reviewed,nc,nc
2002-05-18T20:57:13.690Z,38.791,-122.7495,0.751,3.07,md,42,36,0.03063,0.06,nc,nc21226254,2017-01-02T18:36:06.350Z,"4 km SSW of Cobb, California",earthquake,0.12,0.35,0.13,57,reviewed,nc,nc
2002-05-20T12:49:15.050Z,38.7396667,-122.7245,2.361,3.12,ml,38,64,0.03423,0.07,nc,nc21226495,2017-01-02T18:43:14.890Z,"9 km S of Cobb, California",earthquake,0.13,0.37,,10,reviewed,nc,nc
2002-05-20T21:25:51.430Z,36.6811667,-121.3076667,4.778,3.3,ml,78,32,0.03063,0.06,nc,nc21226549,2017-01-02T18:44:10.750Z,"12 km S of Tres Pinos, California",earthquake,0.1,0.29,,13,reviewed,nc,nc
2002-05-21T19:43:08.310Z,33.1583333,-115.9771667,12.831,3.88,ml,66,31.2,,0.24,ci,ci13303428,2016-04-02T18:22:47.855Z,"14km E of Ocotillo Wells, CA",earthquake,0.28,0.67,0.213,125,reviewed,ci,ci
2002-05-21T20:35:34.430Z,32.797,-88.102,5,3.1,mblg,5,,,0.46,us,usp000b4r9,2014-11-07T01:15:38.935Z,"5 km ESE of Gainesville, Alabama",earthquake,,,,,reviewed,us,us
2002-05-22T01:33:14.090Z,40.8078333,-124.4028333,17.986,3.69,ml,63,189,0.4459,0.1,nc,nc21226704,2020-02-12T17:38:59.895Z,"18 km W of Samoa, California",earthquake,0.36,0.73,,4,reviewed,nc,nc
2002-05-22T06:54:36.680Z,36.9585,-121.6816667,6.305,3.13,ml,90,48,0.07297,0.09,nc,nc21226723,2017-01-02T18:49:55.160Z,"4 km E of Interlaken, California",earthquake,0.11,0.33,,13,reviewed,nc,nc
2002-05-22T08:49:57.087Z,39.4239,-119.5748,16,3,ml,15,146.44,0.182,0.1566,nn,nn00048730,2018-04-24T21:54:31.730Z,"14 km NNE of Virginia City, Nevada",earthquake,,3.2,,,reviewed,nn,nn
2002-05-23T00:52:50.900Z,31.8546667,-115.7906667,3.864,3.99,ml,15,251.7,0.7942,0.28,ci,ci13311436,2016-04-02T15:19:13.622Z,"72km SW of Alberto Oviedo Mota, B.C., MX",earthquake,11.36,19.95,0.408,47,reviewed,ci,ci
2002-05-24T17:44:01.590Z,36.5491667,-121.1296667,1.896,3.75,ml,73,40,0.05495,0.07,nc,nc21227108,2017-03-17T17:06:18.252Z,"22 km NE of Soledad, California",earthquake,0.1,0.31,,13,reviewed,nc,nc
2002-05-24T23:46:00.400Z,44.504,-73.675,10,3.1,ml,17,,,,us,usp000b4x4,2014-11-07T01:15:39.925Z,"6 km N of Au Sable Forks, New York",earthquake,,,,,reviewed,pal,pal
2002-05-27T00:28:16.990Z,27.117,-94.442,10,3.8,mb,15,,,1.12,us,usp000b51e,2014-11-07T01:15:40.537Z,"218 km SSE of Quintana, Texas",earthquake,,,,6,reviewed,us,us
2002-05-27T13:50:20.180Z,33.9076667,-119.5703333,14.233,3.01,ml,24,144.6,0.1024,0.3,ci,ci13451432,2016-04-02T08:56:48.125Z,"15km SSW of Santa Cruz Is. (E end), CA",earthquake,0.58,0.73,0.22,84,reviewed,ci,ci
2002-05-28T09:15:38.000Z,45.63,-76.62,18,3.4,mblg,12,,,,us,usp000b53y,2014-11-07T01:15:40.839Z,"11 km WNW of Shawville, Canada",earthquake,,,,,reviewed,ott,ott
2002-05-29T19:30:09.420Z,40.1985,-124.1303333,13.115,3.15,ml,16,102,0.03694,0.16,nc,nc21227841,2017-01-02T19:16:46.770Z,"19 km NNW of Shelter Cove, California",earthquake,0.5,0.51,,3,reviewed,nc,nc
2002-05-31T09:57:10.020Z,34.025,-97.619,5,3.3,mblg,10,,,1.33,us,usp000b59p,2014-11-07T01:15:41.515Z,"15 km S of Cornish, Oklahoma",earthquake,,,,,reviewed,us,us
2002-06-01T11:35:29.000Z,45.59,-73.86,18,3.2,mblg,8,,,,us,usp000b5bk,2014-11-07T01:15:43.968Z,"3 km SW of Boisbriand, Canada",earthquake,,,,,reviewed,ott,ott
2002-06-02T21:37:31.730Z,37.4643333,-118.8386667,5.191,3.33,ml,35,91,0.08468,0.03,nc,nc30224393,2017-01-02T20:06:13.060Z,"California-Nevada border region",earthquake,0.27,0.83,,3,reviewed,nc,nc
2002-06-06T12:29:10.100Z,38.3521667,-108.916,-0.7,3.04,ml,11,187,0.1114,0.33,uu,uu50256950,2018-08-28T19:45:29.120Z,"29 km E of La Sal, Utah",earthquake,1.68,2.57,,7,reviewed,uu,uu
2002-06-06T14:42:46.110Z,47.72,-120.2875,5.847,3.4,md,44,58,,0.32,uw,uw10557138,2020-02-12T18:52:11.526Z,"7 km NW of Entiat, Washington",earthquake,0.623,1.59,0.04,15,reviewed,uw,uw
2002-06-07T16:07:16.360Z,27.984,-112.351,10,4.4,mb,32,,,1.25,us,usp000b5qt,2014-11-07T01:15:47.096Z,"71 km N of Santa Rosalía, Mexico",earthquake,,,,5,reviewed,us,us
2002-06-07T17:12:38.600Z,36.5483333,-121.1331667,2.166,3.22,md,55,40,0.05315,0.06,nc,nc21229178,2017-01-02T20:32:41.490Z,"22 km NE of Soledad, California",earthquake,0.1,0.32,0.11,80,reviewed,nc,nc
2002-06-08T05:31:01.070Z,36.2665,-120.335,8.579,3,md,55,65,0.01802,0.1,nc,nc21229272,2017-01-02T20:37:01.970Z,"14 km N of Coalinga, California",earthquake,0.15,0.22,0.1,94,reviewed,nc,nc
2002-06-09T10:26:55.630Z,32.2626667,-115.1335,6.981,3.94,ml,20,228.6,0.4914,0.4,ci,ci13656376,2017-02-07T19:47:04.536Z,"4km SW of Guadalupe Victoria, B.C., MX",earthquake,2.63,34.65,0.259,88,reviewed,ci,ci
2002-06-09T15:36:08.970Z,37.4703333,-118.8405,4.511,3.06,md,37,86,0.08108,0.03,nc,nc21229460,2017-01-02T20:44:35.330Z,"14 km SW of Aspen Springs, California",earthquake,0.26,0.86,0.13,49,reviewed,nc,nc
2002-06-09T17:28:08.680Z,37.4675,-118.8405,4.801,3.13,md,38,87,0.08378,0.04,nc,nc21229479,2017-01-02T20:45:42.170Z,"14 km SW of Aspen Springs, California",earthquake,0.27,0.89,0.1,58,reviewed,nc,nc
2002-06-11T19:28:24.140Z,31.8303333,-116.21,1.012,3.19,ml,14,279.6,0.8218,0.21,ci,ci13656848,2016-04-01T23:21:26.613Z,"36km ENE of Maneadero, B.C., MX",earthquake,4.32,7.37,0.219,41,reviewed,ci,ci
2002-06-14T07:45:46.280Z,41.3926667,-111.4353333,8.28,3.01,ml,24,158,0.08774,0.15,uu,uu50257135,2019-05-14T17:55:22.005Z,"26 km WSW of Woodruff, Utah",earthquake,0.55,0.94,,12,reviewed,uu,uu
2002-06-14T12:40:44.706Z,36.7139,-116.3006,12.3,4.2,ml,36,43.48,0.027,0.1641,nn,nn00049993,2020-02-12T17:38:34.585Z,"46 km ESE of Beatty, Nevada",earthquake,,0.8,0.34,11,reviewed,nn,nn
2002-06-14T12:41:37.724Z,36.7026,-116.3076,9.9,3.3,ml,17,81.68,0.032,0.1467,nn,nn00049981,2018-04-24T21:55:33.076Z,"46 km ESE of Beatty, Nevada",earthquake,,1.2,,,reviewed,nn,nn
2002-06-16T17:11:10.830Z,47.4705,-122.8251667,15.726,3.7,md,87,27,,0.48,uw,uw10562323,2020-02-12T18:51:46.349Z,"2 km N of Belfair, Washington",earthquake,0.071,0.09,0.04,24,reviewed,uw,uw
2002-06-17T16:55:07.680Z,40.8098333,-124.552,17.195,5.2,mw,74,225,0.3721,0.16,nc,nc21231051,2020-02-12T17:38:08.993Z,"29 km WNW of Fields Landing, California",earthquake,0.62,0.97,,3,reviewed,nc,nc
2002-06-18T00:26:05.250Z,37.4706667,-118.8403333,4.691,3.17,ml,39,115,0.08108,0.04,nc,nc21231112,2017-01-02T21:35:58.460Z,"14 km SW of Aspen Springs, California",earthquake,0.26,0.86,,2,reviewed,nc,nc
2002-06-18T07:53:07.050Z,36.1978333,-120.762,7.51,3.03,md,57,119,0.03333,0.06,nc,nc21231176,2017-01-02T21:39:45.970Z,"23 km NNE of San Ardo, California",earthquake,0.18,0.31,0.09,92,reviewed,nc,nc
2002-06-18T09:12:36.660Z,36.881,-104.779,5,3.5,mblg,11,,,0.43,us,usp000b6dg,2014-11-07T01:15:51.275Z,"27 km S of Sequndo, Colorado",earthquake,,,,,reviewed,us,us
2002-06-18T17:37:17.270Z,38.0001667,-87.7563333,16.05,4.6,mw,14,99,,0.17,nm,nm605053,2020-07-10T14:27:09.529Z,"6 km SW of Parkers Settlement, Indiana",earthquake,1.7,0.9,,,reviewed,nm,nm
2002-06-19T12:14:20.300Z,36.568,-103.028,5,3.7,mblg,7,,,0.64,us,usp000b6g9,2014-11-07T01:15:51.624Z,"19 km NE of Clayton, New Mexico",earthquake,,,,,reviewed,us,us
2002-06-19T23:21:17.380Z,36.4366667,-121.0143333,6.579,3.1,ml,74,52,0.01261,0.08,nc,nc21231392,2017-01-02T21:46:27.820Z,"24 km ENE of Greenfield, California",earthquake,0.12,0.3,,10,reviewed,nc,nc
2002-06-20T04:29:40.320Z,41.509,-98.623,5,3.3,mb,20,,,1.33,us,usp000b6j5,2020-02-12T19:11:14.660Z,"8 km NE of Scotia, Nebraska",earthquake,,,,1,reviewed,us,us
2002-06-21T07:43:10.460Z,36.0196667,-121.5658333,10.548,3.36,ml,98,179,0.173,0.23,nc,nc21231601,2017-01-02T21:51:04.470Z,"Central California",earthquake,0.39,0.58,,3,reviewed,nc,nc
2002-06-22T08:56:25.060Z,40.7115,-123.8313333,21.244,3.16,ml,25,123,0.1802,0.08,nc,nc21231796,2020-02-12T17:37:16.920Z,"22 km SE of Blue Lake, California",earthquake,0.3,0.45,,4,reviewed,nc,nc
2002-06-23T22:06:48.000Z,45.73,-112.12,7.6,3.2,ml,25,,,,us,usp000b6th,2014-11-07T01:15:52.856Z,"15 km S of Whitehall, Montana",earthquake,,,,,reviewed,but,but
2002-06-24T18:51:32.060Z,38.0701667,-118.7371667,3.262,3.2,ml,45,97,0.2577,0.08,nc,nc21232135,2018-04-24T21:58:03.133Z,"35 km E of Mono City, California",earthquake,0.31,4.01,,2,reviewed,nc,nc
2002-06-25T13:40:28.100Z,44.499,-73.703,9,3,md,10,,,,us,usp000b6wq,2014-11-07T01:15:53.254Z,"6 km NNW of Au Sable Forks, New York",earthquake,,,,,reviewed,pal,pal
2002-06-27T03:48:21.330Z,32.3348333,-115.217,6.997,3.24,ml,19,217.1,0.4482,0.43,ci,ci9795445,2016-04-02T07:45:38.409Z,"3km SW of Delta, B.C., MX",earthquake,1.99,31.61,0.262,45,reviewed,ci,ci
2002-06-28T22:08:19.750Z,36.64,-121.2581667,6.88,3.01,md,78,60,0.02973,0.05,nc,nc21232735,2017-01-02T22:21:13.820Z,"17 km SSE of Tres Pinos, California",earthquake,0.09,0.22,0.1,101,reviewed,nc,nc
2002-06-29T11:27:06.220Z,32.0173333,-117.1951667,6.801,3.08,ml,8,326.9,0.63,0.17,ci,ci9796049,2016-04-02T09:01:25.263Z,"34km SW of Primo Tapia, B.C., MX",earthquake,1.94,17.61,0.294,52,reviewed,ci,ci
2002-06-29T14:36:04.790Z,45.3348333,-121.6863333,4.915,4.5,md,41,37,,0.27,uw,uw10569358,2020-02-12T18:51:20.151Z,"6 km ENE of Government Camp, Oregon",earthquake,0.071,0.11,0.03,50,reviewed,uw,uw
2002-06-29T14:41:21.270Z,45.3275,-121.6815,1.299,3.2,md,4,150,0.08636,0.04,uw,uw10569568,2016-07-23T01:06:50.750Z,"6 km ENE of Government Camp, Oregon",earthquake,0.286,0.03,0.01,2,reviewed,uw,uw
2002-06-29T18:49:58.830Z,45.3423333,-121.6798333,4.959,3.8,md,40,46,0.09478,0.28,uw,uw10570363,2020-02-12T18:50:52.376Z,"7 km NE of Government Camp, Oregon",earthquake,0.637,1.14,0.03,12,reviewed,uw,uw
2002-06-29T19:13:32.480Z,38.7413333,-121.6443333,18.713,3.07,md,52,75,0.2117,0.22,nc,nc21232840,2017-01-02T22:23:49.640Z,"9 km SE of Knights Landing, California",earthquake,0.31,1.11,0.16,75,reviewed,nc,nc
2002-06-30T13:21:11.640Z,36.0193333,-121.5683333,10.488,3.06,md,82,183,0.173,0.19,nc,nc21232984,2017-01-02T22:29:15.590Z,"35 km SE of Big Sur, California",earthquake,0.35,0.5,0.1,85,reviewed,nc,nc
2002-07-01T22:03:59.660Z,34.1033333,-116.651,8.77,3.33,ml,80,21.3,,0.2,ci,ci9796589,2016-04-01T23:18:00.807Z,"9km NW of Morongo Valley, CA",earthquake,0.21,1.36,0.205,110,reviewed,ci,ci
2002-07-02T18:33:32.260Z,40.0026667,-122.901,2.142,3.1,md,61,43,0.1964,0.48,nc,nc21233333,2017-01-02T22:36:32.660Z,"33 km WNW of Paskenta, California",earthquake,0.38,1.14,0.09,49,reviewed,nc,nc
2002-07-03T00:48:23.430Z,40.2878333,-124.3565,14.444,3.32,ml,12,220,0.05495,0.04,nc,nc21239787,2017-01-02T22:37:19.300Z,"30 km SW of Scotia, California",earthquake,0.74,0.19,,4,reviewed,nc,nc
2002-07-03T12:22:45.660Z,48.9333333,-123.0453333,14.202,3,md,33,202,,0.32,uw,uw10557198,2016-07-23T01:07:54.510Z,"6 km SSE of Point Roberts, Washington",earthquake,1.426,1.46,0.03,6,reviewed,uw,uw
2002-07-03T12:58:57.530Z,39.4626667,-123.3013333,6.11,3.28,ml,38,63,0.136,0.14,nc,nc21233418,2020-02-12T17:36:53.054Z,"7 km NE of Willits, California",earthquake,0.24,0.56,,10,reviewed,nc,nc
2002-07-07T05:37:38.980Z,36.486,-113.55,5,3.5,ml,10,,,0.54,us,usp000b7nh,2014-11-07T01:16:01.587Z,"53 km SE of Scenic, Arizona",earthquake,,,,,reviewed,us,us
2002-07-09T01:13:09.260Z,36.6506667,-121.2663333,2.956,3.05,md,69,61,0.01712,0.06,nc,nc30224527,2017-01-02T23:05:31.340Z,"16 km SSE of Tres Pinos, California",earthquake,0.09,0.22,0.09,91,reviewed,nc,nc
2002-07-10T04:22:17.660Z,32.9433333,-115.5351667,6.016,3,ml,39,56.7,0.1165,0.35,ci,ci9799665,2016-04-02T05:55:57.240Z,"4km S of Brawley, CA",earthquake,0.51,31.61,0.323,57,reviewed,ci,ci
2002-07-11T04:10:09.820Z,38.8023333,-122.7761667,0.553,3.03,md,42,39,0.01532,0.03,nc,nc21234758,2017-01-02T23:16:09.150Z,"5 km WSW of Cobb, California",earthquake,0.09,0.19,0.11,52,reviewed,nc,nc
2002-07-13T04:45:09.640Z,40.3998333,-124.9283333,16.057,3.2,md,37,259,0.4577,0.05,nc,nc21235122,2017-01-02T23:25:57.914Z,"59 km WSW of Ferndale, California",earthquake,1.23,0.9,0.24,20,reviewed,nc,nc
2002-07-15T20:18:17.590Z,37.3843333,-118.4063333,11.399,3.6,mw,35,116,0.1036,0.04,nc,nc21235556,2018-04-24T21:59:45.642Z,"0 km ESE of Dixon Lane-Meadow Creek, California",earthquake,0.53,1.11,,2,reviewed,nc,nc
2002-07-17T05:06:22.740Z,31.1700001,-115.8199997,0.282,3.02,ml,47,308,,0.57,ci,ci13687448,2016-02-16T12:42:50.215Z,"93km SE of Maneadero, B.C., MX",earthquake,21.62,16.76,0.25,18,automatic,ci,ci
2002-07-17T19:07:42.840Z,37.2891667,-121.6658333,6.18,3.14,ml,105,50,0.03063,0.05,nc,nc21235863,2017-01-02T23:48:37.450Z,"15 km E of Seven Trees, California",earthquake,0.08,0.23,,11,reviewed,nc,nc
2002-07-18T15:03:54.720Z,38.7378333,-121.6473333,20.907,3.26,md,44,59,0.2,0.19,nc,nc21236072,2017-01-02T23:52:41.110Z,"9 km SE of Knights Landing, California",earthquake,0.32,1.23,0.1,64,reviewed,nc,nc
2002-07-19T19:58:26.000Z,47.43,-113.05,24.6,4,ml,41,,,,us,usp000b8dq,2014-11-07T01:16:05.143Z,"43 km NE of Seeley Lake, Montana",earthquake,,,,,reviewed,but,but
2002-07-20T12:36:37.750Z,40.4115,-124.5956667,19.027,3.06,md,11,299,0.2072,0.13,nc,nc21236442,2017-01-02T23:57:54.296Z,"near the coast of Northern California",earthquake,6.11,0.59,0.14,12,reviewed,nc,nc
2002-07-21T02:44:13.360Z,40.2946667,-124.512,13.607,3.37,md,7,279,0.1631,0.07,nc,nc21236533,2017-01-03T00:00:34.860Z,"37 km SW of Ferndale, California",earthquake,4.95,0.76,0.14,24,reviewed,nc,nc
2002-07-22T07:27:34.910Z,47.409,-121.7848333,27.459,3.1,md,85,64,,0.22,uw,uw10564778,2020-02-12T18:50:27.560Z,"4 km SSW of Wilderness Rim, Washington",earthquake,0.416,0.49,0.03,15,reviewed,uw,uw
2002-07-23T02:08:59.000Z,49.59,-66.95,18,4,mblg,8,,,,us,usp000b8ky,2014-11-07T01:16:06.152Z,"48 km S of Saint-Alexandre, Canada",earthquake,,,,,reviewed,ott,ott
2002-07-23T08:17:16.310Z,42.656,-111.223,5,3,ml,19,,,0.77,us,usp000b8mm,2014-11-07T01:16:06.230Z,"20 km W of Fairview, Wyoming",earthquake,,,,,reviewed,us,us
2002-07-25T00:43:15.140Z,34.1613333,-117.4288333,5.782,3.74,ml,104,28.6,,0.38,ci,ci13692644,2020-02-12T17:36:28.828Z,"7km SSW of Devore, CA",earthquake,0.29,2.58,0.365,127,reviewed,ci,ci
2002-07-25T05:08:39.970Z,38.7631667,-122.738,0.301,3.17,ml,42,28,0.01982,0.14,nc,nc21237309,2017-01-03T00:18:55.730Z,"6 km S of Cobb, California",earthquake,0.16,0.55,,10,reviewed,nc,nc
2002-07-26T08:32:17.210Z,44.362,-98.219,5,3.1,mblg,6,,,1.41,us,usp000b8tf,2014-11-07T01:16:06.855Z,"0 km WSW of Huron, South Dakota",earthquake,,,,,reviewed,us,ott
2002-07-27T02:54:37.260Z,38.6423333,-119.7688333,-1.726,3.05,ml,68,123,0.2946,0.13,nc,nc21237610,2018-04-24T22:00:21.188Z,"5 km S of Markleeville, California",earthquake,0.21,0.72,,1,reviewed,nc,nc
2002-07-28T19:38:39.880Z,41.7435,-111.3771667,10.17,3.59,ml,29,147,0.1126,0.21,uu,uu50258455,2019-05-14T17:57:25.385Z,"10 km SSW of Laketown, Utah",earthquake,0.56,0.6,,15,reviewed,uu,uu
2002-07-29T21:45:22.690Z,38.9271667,-123.0295,5.031,3.19,ml,39,34,0.1036,0.06,nc,nc21238011,2017-01-03T00:38:27.920Z,"9 km SE of Hopland, California",earthquake,0.14,0.58,,10,reviewed,nc,nc
2002-07-31T08:31:47.980Z,34.571,-116.4411667,1.986,3.73,ml,64,38.8,,0.23,ci,ci9805021,2016-04-02T09:03:24.777Z,"31km WSW of Ludlow, CA",earthquake,0.24,0.56,0.9,125,reviewed,ci,ci
2002-07-31T09:01:57.630Z,47.4256667,-122.1686667,59.618,3.28,md,42,62,0.0152,0.51,uw,uw10568513,2017-04-01T20:01:06.388Z,"1 km NNE of East Hill-Meridian, Washington",earthquake,1.8,1.33,0.241,28,reviewed,uw,uw
2002-07-31T18:53:39.860Z,35.7915,-119.9923333,6.273,3.06,ml,41,153,0.07658,0.18,nc,nc21238361,2017-01-03T00:48:35.410Z,"24 km S of Kettleman City, California",earthquake,0.36,0.71,,3,reviewed,nc,nc
2002-08-03T01:27:25.660Z,44.372,-116.137,5,3.5,ml,21,,,0.62,us,usp000b975,2016-07-23T01:13:22.360Z,"8 km NNW of Smiths Ferry, Idaho",earthquake,,,,,reviewed,us,us
2002-08-04T21:45:07.350Z,38.8253333,-122.7635,2.713,3.15,ml,47,49,0.02973,0.06,nc,nc21239074,2017-01-03T01:04:27.240Z,"3 km W of Cobb, California",earthquake,0.11,0.32,,8,reviewed,nc,nc
2002-08-05T06:41:33.000Z,35.931,-120.679,11.43,3.11,ml,64,24,0.07027,0.06,nc,nc21239146,2017-01-03T01:07:34.250Z,"13 km NE of Bradley, California",earthquake,0.13,0.33,,2,reviewed,nc,nc
2002-08-11T05:41:31.260Z,38.1965,-119.2386667,8.63,3.64,ml,95,106,0.373,0.15,nc,nc21239975,2017-01-03T01:30:32.570Z,"6 km S of Bridgeport, California",earthquake,0.33,0.53,,13,reviewed,nc,nc
2002-08-11T09:24:17.140Z,38.1936667,-119.2445,-2.39,3.05,ml,65,116,0.3712,0.16,nc,nc21239994,2018-04-24T22:01:11.660Z,"6 km S of Bridgeport, California",earthquake,0.3,0.73,,2,reviewed,nc,nc
2002-08-12T01:31:40.940Z,38.1598333,-112.6133333,10.9,3.22,ml,20,58,0.3078,0.28,uu,uu50258985,2018-08-28T19:49:43.850Z,"13 km S of Beaver, Utah",earthquake,0.53,1.15,,11,reviewed,uu,uu
2002-08-13T10:09:49.650Z,34.1668333,-117.4356667,6.451,3.04,ml,102,16.9,,0.33,ci,ci9808837,2020-02-12T17:36:02.810Z,"7km SSW of Devore, CA",earthquake,0.26,1.3,0.237,117,reviewed,ci,ci
2002-08-13T18:03:25.610Z,35.3118333,-119.4466667,13.567,3.15,ml,24,105.5,0.238,0.35,ci,ci9809025,2016-04-02T02:42:42.552Z,"10km SSE of Buttonwillow, CA",earthquake,0.82,1.82,0.354,53,reviewed,ci,ci
2002-08-13T19:20:34.410Z,37.1061667,-117.9891667,6.232,3.13,ml,6,108.9,0.1995,0.13,ci,ci9809057,2018-04-24T22:01:14.003Z,"27km ESE of Big Pine, CA",earthquake,0.68,5.67,0.244,32,reviewed,ci,ci
2002-08-13T21:13:46.910Z,39.4245,-123.289,2.979,3.14,md,40,56,0.1613,0.23,nc,nc21243590,2017-01-03T01:36:39.600Z,"5 km ENE of Willits, California",earthquake,0.3,0.9,0.1,49,reviewed,nc,nc
2002-08-17T05:53:54.000Z,47.33,-70.51,13.3,3.8,mblg,10,,,,us,usp000ba20,2014-11-07T01:16:17.192Z,"12 km S of Baie-Saint-Paul, Canada",earthquake,,,,,reviewed,ott,ott
2002-08-17T16:06:27.000Z,49.96,-120.29,10,4.5,mb,108,,,,us,usp000ba34,2014-11-07T01:16:17.298Z,"39 km ESE of Merritt, Canada",earthquake,,,,23,reviewed,pgc,us
2002-08-17T19:12:22.190Z,39.1406667,-123.557,3.522,3.04,md,31,186,0.0973,0.1,nc,nc21241032,2017-01-03T01:48:06.660Z,"12 km NW of Philo, California",earthquake,0.29,0.49,0.15,36,reviewed,nc,nc
2002-08-18T08:09:53.990Z,35.9386667,-120.4858333,9.823,3.12,md,56,31,0.02072,0.06,nc,nc21241088,2017-01-03T01:49:25.340Z,"",earthquake,0.15,0.21,0.07,83,reviewed,nc,nc
2002-08-22T21:47:58.980Z,37.8248333,-121.945,15.746,3,ml,69,73,0.05045,0.08,nc,nc21241776,2017-01-03T02:03:50.430Z,"1 km SE of Diablo, California",earthquake,0.15,0.21,,12,reviewed,nc,nc
2002-08-31T16:24:33.330Z,33.0453333,-115.61,14.255,3.75,ml,30,103.9,,0.22,ci,ci9817605,2016-04-01T23:37:23.787Z,"1km NE of Westmorland, CA",earthquake,0.42,0.57,0.206,106,reviewed,ci,ci
2002-09-03T07:08:51.840Z,33.9123333,-117.7833333,9.371,4.78,ml,141,19,,0.31,ci,ci9818433,2021-01-19T01:24:08.202Z,"4km NE of Yorba Linda, CA",earthquake,0.18,0.39,0.185,166,reviewed,ci,ci
2002-09-03T11:49:32.520Z,32.2828333,-115.3111667,6.216,3.09,ml,9,241.5,0.5067,0.12,ci,ci9818565,2016-04-01T23:33:47.919Z,"14km SW of Delta, B.C., MX",earthquake,3.05,15.68,0.34,28,reviewed,ci,ci
2002-09-03T21:26:31.764Z,39.4057,-118.4752,12.5,3,ml,12,74.35,0.309,0.1212,nn,nn00055665,2018-04-24T22:02:27.602Z,"20 km E of Fallon Station, Nevada",earthquake,,2.2,,,reviewed,nn,nn
2002-09-04T12:24:17.670Z,30.292,-116.152,10,3.8,md,11,,,0.76,us,usp000bb81,2016-04-01T21:31:51.655Z,"28 km WSW of Luis Rodríguez (El Vergel), Mexico",earthquake,,,,,reviewed,us,ecx
2002-09-06T07:28:22.590Z,35.8651667,-120.4135,8.588,3.9,mw,47,39,0.01892,0.04,nc,nc21243814,2017-03-17T17:08:16.738Z,"4 km SSE of Parkfield, California",earthquake,0.15,0.26,,4,reviewed,nc,nc
2002-09-07T00:02:10.910Z,36.0505,-117.8766667,2.005,3.53,ml,30,60.7,0.04405,0.23,ci,ci9820489,2016-04-02T15:37:21.040Z,"6km E of Coso Junction, CA",earthquake,0.34,0.52,0.231,101,reviewed,ci,ci
2002-09-07T00:25:32.050Z,31.8421667,-116.2625,-0.37,3.37,ml,11,289.2,0.8261,0.19,ci,ci9820513,2016-04-01T23:35:01.332Z,"32km ENE of Maneadero, B.C., MX",earthquake,4.29,7.69,0.231,47,reviewed,ci,ci
2002-09-07T07:35:00.410Z,38.7978333,-122.7683333,1.748,3.05,md,39,33,0.02252,0.15,nc,nc21244122,2017-01-03T03:02:08.910Z,"4 km SW of Cobb, California",earthquake,0.18,0.42,0.11,52,reviewed,nc,nc
2002-09-07T21:27:45.000Z,46.96,-76.29,18,3.7,mblg,7,,,,us,usp000bbka,2014-11-07T01:16:28.616Z,"southern Quebec, Canada",earthquake,,,,,reviewed,ott,ott
2002-09-08T09:42:43.064Z,37.5214,-118.4006,9.6,3.1,ml,11,116.42,0.042,0.0572,nn,nn00055934,2018-04-24T22:02:40.986Z,"15 km N of Dixon Lane-Meadow Creek, California",earthquake,,3.3,,,reviewed,nn,nn
2002-09-11T13:39:46.000Z,48.09,-115.14,9.9,3.2,ml,13,,,,us,usp000bbzt,2014-11-07T01:16:29.889Z,"0 km N of Happys Inn, Montana",earthquake,,,,,reviewed,but,but
2002-09-11T15:57:00.190Z,31.9071667,-116.407,6.568,3.15,ml,11,278.4,0.7934,0.16,ci,ci13811700,2016-04-02T09:16:42.091Z,"20km ENE of Ensenada, B.C., MX",earthquake,0.88,16.09,0.308,39,reviewed,ci,ci
2002-09-15T21:15:50.920Z,34.0543333,-116.3201667,9.547,3.31,ml,71,20.1,,0.19,ci,ci13813192,2016-04-02T15:36:59.604Z,"9km S of Joshua Tree, CA",earthquake,0.18,0.62,0.771,107,reviewed,ci,ci
2002-09-16T22:27:36.000Z,48.1,-115.14,8.2,3.3,ml,23,,,,us,usp000bceg,2014-11-07T01:16:32.052Z,"1 km N of Happys Inn, Montana",earthquake,,,,,reviewed,but,but
2002-09-17T11:30:29.010Z,40.3601667,-124.8918333,10.454,3.07,md,37,246,0.4396,0.06,nc,nc21245676,2017-01-03T03:44:47.491Z,"58 km WSW of Ferndale, California",earthquake,0.62,1.27,0.13,27,reviewed,nc,nc
2002-09-17T15:00:05.170Z,33.5031667,-116.7786667,14.722,3.73,ml,71,28.1,,0.18,ci,ci13813696,2020-02-12T17:34:40.604Z,"10km NE of Aguanga, CA",earthquake,0.25,0.29,0.23,123,reviewed,ci,ci
2002-09-17T15:45:14.470Z,32.581,-104.63,10,3.4,md,23,,,,us,usp000bcgs,2014-11-07T01:16:32.321Z,"27 km SSE of Hope, New Mexico",earthquake,,,,,reviewed,snm,snm
2002-09-17T23:34:19.350Z,32.576,-104.631,10,3.1,md,17,,,,us,usp000bchy,2014-11-07T01:16:32.406Z,"27 km SSE of Hope, New Mexico",earthquake,,,,,reviewed,snm,snm
2002-09-19T06:21:04.930Z,34.8661667,-116.3953333,2.58,3.84,ml,39,69.3,,0.21,ci,ci13820088,2016-04-02T12:28:09.632Z,"27km NW of Ludlow, CA",earthquake,0.31,0.58,0.511,129,reviewed,ci,ci
2002-09-19T07:47:07.240Z,44.588,-115.12,5,3.2,ml,14,,,1.34,us,usp000bcmw,2014-11-07T01:16:32.711Z,"43 km NNW of Stanley, Idaho",earthquake,,,,,reviewed,us,us
2002-09-19T14:44:36.150Z,27.822,-89.135,10,3.7,mb,27,,,1.12,us,usp000bcnd,2014-11-07T01:16:32.771Z,"162 km S of Venice, Louisiana",earthquake,,,,5,reviewed,us,us
2002-09-19T22:45:07.610Z,38.7935,-122.806,3.878,3.49,ml,50,32,0.01712,0.06,nc,nc21246052,2017-01-03T03:57:53.090Z,"7 km WSW of Cobb, California",earthquake,0.11,0.27,,13,reviewed,nc,nc
2002-09-19T22:47:24.640Z,38.8243333,-122.8341667,-0.571,3.02,md,42,32,0.03514,0.07,nc,nc30224958,2017-01-03T03:58:06.480Z,"9 km W of Cobb, California",earthquake,0.14,0.46,0.15,48,reviewed,nc,nc
2002-09-21T00:55:20.960Z,48.4848333,-123.1265,23.118,4.1,md,57,78,,0.35,uw,uw10565603,2020-02-12T18:50:05.741Z,"9 km SW of Friday Harbor, Washington",earthquake,0.672,1,0.04,2,reviewed,uw,uw
2002-09-21T14:27:47.510Z,44.545,-114.445,5,3,ml,10,,,0.32,us,usp000bctr,2014-11-07T01:16:33.545Z,"17 km WNW of Challis, Idaho",earthquake,,,,,reviewed,us,us
2002-09-21T21:26:16.640Z,33.2248333,-116.1128333,14.436,4.31,ml,74,25.8,,0.29,ci,ci9826789,2020-02-12T17:34:14.596Z,"9km N of Ocotillo Wells, CA",earthquake,0.29,0.5,0.223,130,reviewed,ci,ci
2002-09-23T08:13:16.610Z,32.1813333,-115.3836667,6.971,3.59,ml,13,232.6,0.5494,0.25,ci,ci9827109,2016-04-01T20:21:17.205Z,"21km WSW of Alberto Oviedo Mota, B.C., MX",earthquake,3.68,31.61,0.258,53,reviewed,ci,ci
2002-09-23T15:41:26.920Z,32.2063333,-115.377,7.035,3.06,ml,16,126.6,0.5314,0.36,ci,ci9827229,2016-04-02T06:00:41.124Z,"20km W of Alberto Oviedo Mota, B.C., MX",earthquake,3.13,31.37,0.336,31,reviewed,ci,ci
2002-09-24T01:20:53.530Z,32.2388333,-115.393,6.946,3,ml,13,226.2,0.497,0.22,ci,ci9827357,2016-04-02T12:29:03.342Z,"21km W of Alberto Oviedo Mota, B.C., MX",earthquake,2.58,21.48,0.32,29,reviewed,ci,ci
2002-09-25T07:05:26.140Z,36.596,-121.2026667,8.263,3.01,ml,77,33,0.02342,0.06,nc,nc21246954,2017-01-03T04:20:38.120Z,"22 km NNE of Soledad, California",earthquake,0.1,0.24,,9,reviewed,nc,nc
2002-09-25T07:08:46.160Z,36.5925,-121.1998333,7.655,3.8,mw,55,34,0.01892,0.05,nc,nc30224932,2020-02-12T17:33:48.555Z,"21 km NNE of Soledad, California",earthquake,0.12,0.33,,5,reviewed,nc,nc
2002-09-25T18:12:53.510Z,37.3373333,-121.7031667,7.604,3.34,ml,101,42,0.08198,0.05,nc,nc21247026,2020-02-12T17:33:16.664Z,"11 km ESE of East Foothills, California",earthquake,0.08,0.35,,12,reviewed,nc,nc
2002-09-26T06:42:11.480Z,29.263,-115.131,10,3.7,mb,13,,,1.25,us,usp000bd4s,2014-11-07T01:16:34.754Z,"105 km SSE of El Rosario de Arriba, Mexico",earthquake,,,,1,reviewed,us,us
2002-09-28T10:34:47.160Z,35.9461667,-117.3035,2.624,4.13,ml,31,58.9,0.05748,0.22,ci,ci9828889,2016-04-02T09:15:47.900Z,"21km NNE of Trona, CA",earthquake,0.48,0.75,0.897,128,reviewed,ci,ci
2002-09-28T16:05:16.820Z,32.3711667,-115.2498333,6.997,3.58,ml,18,219.2,0.4297,0.35,ci,ci9829137,2016-04-02T12:34:30.641Z,"6km WNW of Delta, B.C., MX",earthquake,2.07,28.37,0.262,64,reviewed,ci,ci
2002-09-28T16:07:47.660Z,36.5935,-121.2,8.995,3.7,mw,76,35,0.01982,0.07,nc,nc21247553,2017-03-17T17:09:00.396Z,"21 km NNE of Soledad, California",earthquake,0.12,0.24,,4,reviewed,nc,nc
2002-09-28T18:11:29.720Z,35.9455,-117.3051667,2.384,3.99,ml,29,73.6,,0.17,ci,ci9829213,2016-04-02T06:06:10.661Z,"21km NNE of Trona, CA",earthquake,0.42,0.72,0.915,121,reviewed,ci,ci
2002-09-28T18:12:57.490Z,35.944,-117.3051667,2.014,3.72,ml,33,58.8,0.05583,0.24,ci,ci9829217,2016-04-01T23:43:14.025Z,"21km NNE of Trona, CA",earthquake,0.37,0.61,1.683,15,reviewed,ci,ci
2002-09-29T07:41:30.580Z,37.8745,-121.611,4.312,3.42,ml,89,65,0.06126,0.26,nc,nc21247683,2020-02-12T17:32:52.763Z,"2 km ENE of Byron, California",earthquake,0.26,0.61,,15,reviewed,nc,nc
2002-09-29T17:46:08.660Z,34.5771667,-116.2656667,2.38,3.08,ml,41,54.4,,0.16,ci,ci9829565,2016-04-01T23:39:02.496Z,"19km SSW of Ludlow, CA",earthquake,0.23,0.65,0.213,63,reviewed,ci,ci
2002-10-01T23:26:06.160Z,40.5665,-122.523,23.176,3.08,md,20,75,0.09189,0.12,nc,nc21248086,2017-01-03T04:52:18.550Z,"4 km SW of Shasta, California",earthquake,0.37,0.46,0.09,50,reviewed,nc,nc
2002-10-04T00:55:29.920Z,44.468,-116.29,5,3.4,ml,23,,,0.7,us,usp000bdrt,2014-11-07T01:16:41.600Z,"20 km WSW of Cascade, Idaho",earthquake,,,,,reviewed,us,us
2002-10-04T00:56:04.630Z,44.507,-116.232,5,3.8,ml,29,,,0.75,us,usp000bdru,2014-11-07T01:16:41.608Z,"15 km W of Cascade, Idaho",earthquake,,,,,reviewed,us,us
2002-10-04T05:11:18.680Z,44.494,-116.23,5,3.4,ml,18,,,0.56,us,usp000bds6,2014-11-07T01:16:41.678Z,"15 km W of Cascade, Idaho",earthquake,,,,,reviewed,us,us
2002-10-04T14:23:27.190Z,34.7095,-116.2978333,2.023,3.35,ml,41,31.1,,0.16,ci,ci9831229,2016-04-01T20:23:28.616Z,"13km W of Ludlow, CA",earthquake,0.27,0.77,0.967,97,reviewed,ci,ci
2002-10-05T07:16:22.540Z,34.7188333,-116.291,4.593,3.28,ml,41,40.8,0.1161,0.25,ci,ci13843616,2016-04-02T09:19:58.387Z,"12km W of Ludlow, CA",earthquake,0.28,19.05,0.274,116,reviewed,ci,ci
2002-10-06T05:56:04.120Z,38.7708333,-122.7428333,2.031,3.25,ml,41,34,0.02072,0.07,nc,nc21248576,2017-01-03T05:09:54.000Z,"Northern California",earthquake,0.15,0.61,,10,reviewed,nc,nc
2002-10-06T07:47:32.780Z,37.5411667,-118.814,6.751,3.81,ml,51,92,0.03604,0.06,nc,nc30224969,2017-03-17T19:25:22.735Z,"9 km W of Aspen Springs, California",earthquake,0.18,0.5,,7,reviewed,nc,nc
2002-10-06T08:32:22.000Z,44.87,-112.71,8.9,3.1,ml,15,,,,us,usp000bdxf,2014-11-07T01:16:42.710Z,"Idaho-Montana border region",earthquake,,,,,reviewed,but,but
2002-10-08T08:37:23.940Z,36.8958333,-121.6241667,6.103,3.02,ml,81,45,0.02793,0.09,nc,nc21248718,2017-01-03T05:16:25.240Z,"1 km ENE of Aromas, California",earthquake,0.14,0.29,,10,reviewed,nc,nc
2002-10-09T03:20:58.980Z,32.4478333,-115.4195,7.015,3.24,ml,22,200.7,0.3279,0.39,ci,ci9848677,2016-04-02T02:56:17.623Z,"14km SSW of Puebla, B.C., MX",earthquake,1.53,28.26,0.234,51,reviewed,ci,ci
2002-10-12T12:24:33.436Z,39.92,-116.0294,0,3.3,ml,5,131.58,1.022,0.3837,nn,nn00057611,2018-04-24T22:04:27.678Z,"45 km N of Eureka, Nevada",earthquake,,0,,,reviewed,nn,nn
2002-10-16T20:22:00.370Z,32.6531667,-118.0576667,5.727,3.17,ml,10,221,0.5253,0.37,ci,ci9851457,2016-04-02T09:16:23.918Z,"33km SE of San Clemente Is. (SE tip), CA",earthquake,2.12,31.61,0.206,26,reviewed,ci,ci
2002-10-17T03:26:34.520Z,33.4821667,-116.4998333,13.368,3.09,ml,72,28,,0.2,ci,ci9851505,2016-04-02T09:16:37.760Z,"18km ESE of Anza, CA",earthquake,0.28,0.31,0.26,75,reviewed,ci,ci
2002-10-18T04:45:42.110Z,32.634,-118.0803333,6.778,3.21,ml,10,219.9,0.5229,0.26,ci,ci9851749,2016-04-02T06:15:39.728Z,"32km SE of San Clemente Is. (SE tip), CA",earthquake,1.72,23.41,0.235,58,reviewed,ci,ci
2002-10-20T02:18:13.000Z,34.274,-96.079,5,3.4,mblg,23,,,,us,usp000bewb,2020-02-12T19:10:50.791Z,"8 km WSW of Lane, Oklahoma",earthquake,,,,,reviewed,tul,tul
2002-10-20T10:45:31.040Z,36.846,-121.5728333,4.944,3.19,md,77,45,0.01712,0.1,nc,nc21250906,2017-01-03T06:08:22.780Z,"3 km W of San Juan Bautista, California",earthquake,0.14,0.25,0.09,104,reviewed,nc,nc
2002-10-20T12:24:17.230Z,36.85,-121.5773333,4.684,3.02,md,71,46,0.02072,0.11,nc,nc21250923,2017-01-03T06:09:04.970Z,"3 km W of San Juan Bautista, California",earthquake,0.15,0.26,0.11,91,reviewed,nc,nc
2002-10-21T22:30:57.457Z,39.533,-119.1692,11.5,3.5,ml,27,53.74,0.244,0.1138,nn,nn00057973,2018-04-24T22:04:50.918Z,"10 km SE of Fernley, Nevada",earthquake,,1.2,0.31,9,reviewed,nn,nn
2002-10-22T04:08:10.240Z,43.197,-110.947,5,3.2,ml,28,,,0.71,us,usp000bf0b,2014-11-07T01:16:47.542Z,"4 km E of Alpine Northeast, Wyoming",earthquake,,,,,reviewed,us,us
2002-10-22T04:11:15.890Z,43.189,-110.822,5,4.2,mb,101,,,1.08,us,usp000bf0c,2020-02-12T18:43:11.681Z,"10 km SSW of Hoback, Wyoming",earthquake,,,,19,reviewed,us,us
2002-10-22T07:15:26.070Z,34.3015,-116.8838333,5.489,3.58,ml,76,25.6,,0.17,ci,ci9852637,2020-02-12T17:32:28.292Z,"6km NW of Big Bear City, CA",earthquake,0.2,0.84,0.942,124,reviewed,ci,ci
2002-10-22T23:56:14.240Z,37.5413333,-118.813,6.931,3.12,md,50,111,0.03514,0.05,nc,nc21251249,2017-01-03T06:16:43.690Z,"8 km W of Aspen Springs, California",earthquake,0.21,0.53,0.12,65,reviewed,nc,nc
2002-10-23T09:50:32.480Z,43.206,-110.983,5,3.4,ml,17,,,0.49,us,usp000bf2k,2014-11-07T01:16:47.868Z,"2 km ENE of Alpine Northeast, Wyoming",earthquake,,,,,reviewed,us,us
2002-10-23T13:34:32.900Z,36.8155,-121.5318333,4.91,3.75,ml,74,34,0.02703,0.12,nc,nc21251334,2020-02-12T17:32:02.234Z,"3 km S of San Juan Bautista, California",earthquake,0.16,0.29,,14,reviewed,nc,nc
2002-10-24T17:18:32.910Z,33.5056667,-116.581,13.256,3.83,ml,73,21.7,,0.24,ci,ci9853417,2020-02-12T17:31:36.630Z,"10km ESE of Anza, CA",earthquake,0.23,0.33,0.341,114,reviewed,ci,ci
2002-10-26T20:05:56.370Z,34.067,-90.697,3.19,3.1,mlg,23,294,,0.2,nm,nm605110,2016-04-11T16:14:34.540Z,"3 km SE of Alligator, Mississippi",earthquake,3.6,2.6,0.048,1,reviewed,nm,nm
2002-10-28T01:08:40.930Z,37.466,-118.8388333,5.312,3.14,md,53,78,0.08378,0.06,nc,nc21252063,2017-01-03T06:39:50.360Z,"14 km SW of Aspen Springs, California",earthquake,0.22,0.74,0.1,87,reviewed,nc,nc
2002-10-28T12:48:17.348Z,38.3805,-118.0105,7.2,3.6,ml,31,132.37,0.124,0.1736,nn,nn00380026,2018-04-24T22:05:04.676Z,"8 km E of Mina, Nevada",earthquake,,2.4,0,1,reviewed,nn,nn
2002-10-29T06:16:17.620Z,26.043,-109.975,10,4.2,mb,47,,,1.16,us,usp000bfk5,2014-11-07T01:16:50.518Z,"65 km W of El Aguajito, Mexico",earthquake,,,,17,reviewed,us,us
2002-10-29T14:16:54.080Z,34.8026667,-116.2665,3.67,4.77,ml,31,51.1,,0.2,ci,ci9854597,2020-02-12T17:31:11.098Z,"13km NW of Ludlow, CA",earthquake,0.32,0.54,0.543,130,reviewed,ci,ci
2002-10-31T23:59:37.200Z,33.5333333,-116.9403333,5.205,3.07,ml,75,36.6,,0.26,ci,ci9855477,2016-04-01T23:39:42.869Z,"12km NW of Aguanga, CA",earthquake,0.26,4.1,0.386,51,reviewed,ci,ci
2002-11-01T11:08:56.280Z,39.119,-99.089,5,3,mblg,9,,,0.84,us,usp000bft7,2014-11-07T01:16:54.031Z,"9 km SSW of Natoma, Kansas",earthquake,,,,,reviewed,us,us
2002-11-03T06:58:42.330Z,33.1658333,-115.6416667,2.473,3.25,ml,45,47.3,,0.29,ci,ci9856273,2016-04-02T12:32:12.099Z,"13km WNW of Calipatria, CA",earthquake,0.34,0.74,0.256,64,reviewed,ci,ci
2002-11-03T20:41:56.910Z,42.768,-98.896,5,4.3,mb,70,,,0.9,us,usp000bg0f,2020-02-12T19:10:30.415Z,"16 km SSW of Butte, Nebraska",earthquake,,,,11,reviewed,us,us
2002-11-04T05:02:03.870Z,48.1613333,-122.5628333,26.537,3.1,md,54,38,,0.22,uw,uw10570993,2017-04-01T20:06:05.736Z,"2 km WSW of Camano, Washington",earthquake,0.467,0.86,0.02,8,reviewed,uw,uw
2002-11-04T07:52:57.030Z,43.409,-115.426,5,3.5,ml,22,,,0.85,us,usp000bg7u,2014-11-07T01:16:58.034Z,"37 km NE of Mountain Home, Idaho",earthquake,,,,,reviewed,us,us
2002-11-05T04:08:23.200Z,37.6298333,-118.8786667,-0.288,3.18,md,48,56,0.01892,0.07,nc,nc21253448,2017-01-03T07:21:55.450Z,"8 km ESE of Mammoth Lakes, California",earthquake,0.16,0.22,0.19,90,reviewed,nc,nc
2002-11-05T04:58:21.390Z,28.742,-112.911,10,4.4,mb,67,,,1.35,us,usp000bghe,2014-11-07T01:16:59.900Z,"88 km ENE of San Luis, Mexico",earthquake,,,,13,reviewed,us,us
2002-11-05T05:15:07.550Z,28.803,-112.791,10,4.4,mb,52,,,1.27,us,usp000bghj,2014-11-07T01:16:59.980Z,"83 km W of Bahía de Kino, Mexico",earthquake,,,,8,reviewed,us,us
2002-11-05T14:06:41.980Z,31.5233333,-115.5015,5.885,3.76,ml,15,276.9,1.139,0.23,ci,ci9857013,2016-04-02T15:45:03.452Z,"84km SSW of Alberto Oviedo Mota, B.C., MX",earthquake,2.37,3.85,0.376,53,reviewed,ci,ci
2002-11-06T08:08:15.200Z,40.8685,-123.773,22.941,3.54,ml,14,113,0.03153,0.06,nc,nc21253710,2019-06-28T18:47:45.799Z,"14 km WSW of Willow Creek, California",earthquake,0.39,0.53,,5,reviewed,nc,nc
2002-11-06T12:34:04.230Z,44.837,-115.813,5,3,ml,8,,,0.44,us,usp000bgu0,2014-11-07T01:17:02.393Z,"24 km ESE of McCall, Idaho",earthquake,,,,,reviewed,us,us
2002-11-06T12:45:36.000Z,48.6,-112.33,1.1,3.4,ml,11,,,,us,usp000bgu4,2014-11-07T01:17:02.401Z,"3 km SSE of Little Browning, Montana",earthquake,,,,,reviewed,but,but
2002-11-06T16:04:40.090Z,45.238,-117.008,5,3,ml,12,,,0.36,us,usp000bgut,2014-11-07T01:17:02.751Z,"21 km SE of Joseph, Oregon",earthquake,,,,,reviewed,us,us
2002-11-07T08:27:44.000Z,48.3,-114.29,9.3,3,ml,9,,,,us,usp000bgy6,2014-11-07T01:17:03.358Z,"8 km N of Evergreen, Montana",earthquake,,,,,reviewed,but,pgc
2002-11-07T11:02:11.010Z,34.8031667,-116.2748333,2.769,3.08,ml,29,65.5,,0.16,ci,ci13908892,2016-04-02T18:50:29.984Z,"14km NW of Ludlow, CA",earthquake,0.36,0.78,0.355,70,reviewed,ci,ci
2002-11-07T16:55:06.000Z,44.05,-77.43,18,3,mblg,8,,,,us,usp000bgzp,2014-11-07T01:17:04.081Z,"13 km SSW of Belleville, Canada",earthquake,,,,,reviewed,ott,ott
2002-11-08T12:55:22.220Z,38.8371667,-111.4948333,11.31,3.21,ml,17,66,0.07969,0.28,uu,uu50264500,2018-08-28T20:01:15.760Z,"Utah",earthquake,0.74,1.19,,9,reviewed,uu,uu
2002-11-08T13:29:03.190Z,32.422,-79.95,3.9,3.5,mblg,12,,,,us,usp000bh2r,2014-11-07T01:17:04.383Z,"24 km SSE of Kiawah Island, South Carolina",earthquake,,,,,reviewed,csc,us
2002-11-08T23:19:06.820Z,34.924,-119.0166667,11.205,3.52,ml,58,34.2,0.06184,0.37,ci,ci13909220,2016-04-02T02:56:27.195Z,"8km WSW of Grapevine, CA",earthquake,0.38,1.16,0.21,114,reviewed,ci,ci
2002-11-09T08:09:51.280Z,39.762,-111.6456667,9.07,3.01,ml,23,70,0.1685,0.26,uu,uu50264645,2018-08-28T20:01:34.290Z,"14 km N of Fountain Green, Utah",earthquake,0.62,1.24,,9,reviewed,uu,uu
2002-11-09T21:06:31.250Z,35.9488333,-117.2948333,4.249,3.06,ml,31,61,0.05851,0.2,ci,ci13909360,2016-04-02T02:53:23.111Z,"22km NNE of Trona, CA",earthquake,0.49,0.71,0.193,53,reviewed,ci,ci
2002-11-10T04:36:35.530Z,43.552,-110.335,5,3,ml,26,,,0.58,us,usp000bh9k,2014-11-07T01:17:06.055Z,"24 km ESE of Kelly, Wyoming",earthquake,,,,,reviewed,us,us
2002-11-11T23:39:29.720Z,32.404,-79.936,2.4,4,mb,66,,,,us,usp000bhft,2020-02-12T19:10:00.247Z,"26 km SSE of Kiawah Island, South Carolina",earthquake,,,,7,reviewed,csc,us
2002-11-12T16:48:25.080Z,35.9725,-120.5235,7.415,4.1,mw,60,35,0.02252,0.05,nc,nc21254383,2020-02-12T17:30:20.086Z,"11 km NW of Parkfield, California",earthquake,0.14,0.22,,4,reviewed,nc,nc
2002-11-14T04:56:52.260Z,36.917,-104.768,5,3.2,mblg,14,,,0.73,us,usp000bhna,2014-11-07T01:17:07.942Z,"22 km S of Sequndo, Colorado",earthquake,,,,,reviewed,us,us
2002-11-16T00:46:58.290Z,45.07,-116.837,10,3.4,md,34,,,,us,usp000bhs0,2016-07-23T01:27:22.260Z,"30 km NE of Halfway, Oregon",earthquake,,,,,reviewed,sea,sea
2002-11-16T09:37:39.380Z,45.154,-116.86,10,3.1,md,29,,,,us,usp000bht2,2016-07-23T01:27:24.230Z,"36 km NNE of Halfway, Oregon",earthquake,,,,,reviewed,sea,sea
2002-11-18T17:36:15.740Z,35.896,-121.0253333,5.222,3.45,ml,16,337.2,2.012,0.78,ci,ci13911264,2016-04-02T09:29:26.337Z,"23km NW of Lake Nacimiento, CA",earthquake,57.19,65.11,0.101,1,reviewed,ci,ci
2002-11-19T06:39:09.360Z,40.3256667,-121.6808333,8.004,3.05,ml,24,75,0.1324,0.08,nc,nc21255691,2017-01-03T07:59:29.120Z,"7 km WSW of Mineral, California",earthquake,0.2,0.93,,2,reviewed,nc,nc
2002-11-20T02:14:12.820Z,44.0968333,-110.5055,6.82,3.16,ml,26,158,0.1679,0.21,uu,uu50265725,2018-08-28T20:03:52.370Z,"53 km N of Kelly, Wyoming",earthquake,0.67,1.25,,4,reviewed,uu,uu
2002-11-21T07:51:35.066Z,39.3824,-119.1929,8.4,3.5,ml,17,74.3,0.356,0.1097,nn,nn00059477,2018-04-24T22:05:56.775Z,"4 km SE of Silver Springs, Nevada",earthquake,,11,,,reviewed,nn,nn
2002-11-21T13:17:39.280Z,40.2991667,-124.4158333,8.594,3.9,mw,13,245,0.0973,0.07,nc,nc21256154,2017-03-17T17:14:54.680Z,"33 km SSW of Ferndale, California",earthquake,0.7,0.38,,3,reviewed,nc,nc
2002-11-24T14:54:23.050Z,37.7591667,-121.9476667,9.741,3.9,mw,112,60,0.0955,0.1,nc,nc30225187,2020-02-12T17:29:54.651Z,"3 km SE of San Ramon, California",earthquake,0.1,0.24,,4,reviewed,nc,nc
2002-11-24T22:46:56.680Z,39.9735,-124.0521667,3.186,3.45,md,51,167,0.2333,0.21,nc,nc21256757,2017-01-03T08:18:18.610Z,"6 km SSE of Shelter Cove, California",earthquake,0.3,0.72,0.08,59,reviewed,nc,nc
2002-11-25T00:03:10.538Z,37.3832,-117.1892,7.1,4.1,ml,36,54.07,0.101,0.1504,nn,nn00059660,2018-04-24T22:06:14.776Z,"36 km S of Goldfield, Nevada",earthquake,,2.5,0.24,20,reviewed,nn,nn
2002-11-25T03:57:59.250Z,37.7608333,-121.9436667,9.349,3.75,ml,97,78,0.09279,0.09,nc,nc30225220,2019-06-28T18:47:46.246Z,"3 km SE of San Ramon, California",earthquake,0.12,0.21,,18,reviewed,nc,nc
2002-11-25T07:51:17.308Z,37.3937,-117.1832,5.1,3.2,ml,30,101.56,0.111,0.1073,nn,nn00059681,2018-04-24T22:06:11.399Z,"35 km S of Goldfield, Nevada",earthquake,,1.8,,,reviewed,nn,nn
2002-11-25T18:22:04.290Z,37.7626667,-121.9391667,10.141,3.52,ml,96,67,0.09009,0.1,nc,nc21256969,2020-02-12T17:29:09.882Z,"3 km ESE of San Ramon, California",earthquake,0.12,0.25,,15,reviewed,nc,nc
2002-11-26T12:38:36.230Z,37.7623333,-121.945,9.852,3.64,ml,95,60,0.09459,0.1,nc,nc21257111,2020-02-12T17:28:44.142Z,"3 km SE of San Ramon, California",earthquake,0.13,0.23,,17,reviewed,nc,nc
2002-11-26T13:45:51.930Z,32.0996667,-115.0075,6.999,4.08,ml,9,270.9,0.638,0.39,ci,ci13912892,2016-04-02T00:06:16.095Z,"10km S of Estacion Coahuila, B.C., MX",earthquake,3.62,34.52,0.321,76,reviewed,ci,ci
2002-11-26T14:01:32.720Z,37.7616667,-121.9455,9.879,3.09,ml,95,60,0.09459,0.1,nc,nc21257124,2020-02-12T17:28:18.233Z,"3 km SE of San Ramon, California",earthquake,0.12,0.22,,12,reviewed,nc,nc
2002-11-26T20:12:21.240Z,37.7565,-121.9481667,9.189,3.29,ml,91,59,0.09459,0.09,nc,nc30225198,2020-02-12T17:27:53.699Z,"3 km SE of San Ramon, California",earthquake,0.12,0.2,,12,reviewed,nc,nc
2002-11-27T13:26:54.100Z,37.7556667,-121.9426667,9.152,3.04,ml,78,65,0.09099,0.07,nc,nc30225209,2020-02-12T17:27:28.920Z,"4 km SE of San Ramon, California",earthquake,0.1,0.23,,12,reviewed,nc,nc
2002-11-27T18:48:00.950Z,34.3833333,-116.4646667,1.859,3.37,ml,73,27.3,,0.26,ci,ci13913212,2016-04-02T00:05:34.366Z,"30km N of Yucca Valley, CA",earthquake,0.19,0.46,0.333,90,reviewed,ci,ci
2002-11-28T02:07:16.080Z,31.874,-115.6176667,6.797,3.05,ml,12,280.4,0.7785,0.19,ci,ci13913324,2016-04-02T00:07:16.425Z,"58km SW of Alberto Oviedo Mota, B.C., MX",earthquake,2.46,19.11,0.415,25,reviewed,ci,ci
2002-11-28T10:05:58.460Z,34.8051667,-116.2696667,5.42,3.03,ml,39,82.2,,0.2,ci,ci13913368,2016-04-02T03:22:04.977Z,"14km NW of Ludlow, CA",earthquake,0.28,0.89,0.239,71,reviewed,ci,ci
2002-11-28T12:47:35.280Z,40.714,-124.1978333,10.189,3,md,23,171,0.2613,0.07,nc,nc21257697,2017-01-03T08:38:47.470Z,"1 km SSW of Humboldt Hill, California",earthquake,0.3,0.52,0.12,20,reviewed,nc,nc
2002-11-29T11:52:35.070Z,48.9323333,-123.0416667,13.062,3.8,md,34,192,,0.38,uw,uw10584808,2020-02-12T18:49:39.867Z,"6 km SSE of Point Roberts, Washington",earthquake,1.443,2.08,0.03,27,reviewed,uw,uw
2002-11-29T17:30:04.360Z,38.9336667,-122.6346667,2.004,3.03,md,48,63,0.02883,0.11,nc,nc21257888,2020-02-12T17:27:04.374Z,"2 km SSW of Clearlake, California",earthquake,0.14,0.45,0.12,85,reviewed,nc,nc
2002-11-30T09:29:25.920Z,44.769,-115.515,10,4.1,ml,59,,,,us,usp000bjs3,2014-11-07T01:17:12.678Z,"21 km S of Yellow Pine, Idaho",earthquake,,,,,reviewed,sea,us
2002-12-01T03:12:15.332Z,38.754,-119.5992,8.9,3,ml,20,69.73,0.14,0.1423,nn,nn00060004,2018-04-24T22:06:30.920Z,"8 km NW of Topaz Lake, Nevada",earthquake,,3.1,,,reviewed,nn,nn
2002-12-01T17:49:17.780Z,33.7848333,-116.1151667,2.187,3.06,ml,67,49.8,,0.25,ci,ci13914388,2016-04-02T09:47:12.682Z,"12km NE of Indio, CA",earthquake,0.23,0.64,0.261,80,reviewed,ci,ci
2002-12-02T10:40:20.588Z,37.3885,-117.1843,6.1,3.5,ml,34,100.98,0.107,0.1406,nn,nn00060040,2018-04-24T22:06:33.884Z,"35 km S of Goldfield, Nevada",earthquake,,2.6,,,reviewed,nn,nn
2002-12-02T13:19:36.080Z,33.3246667,-115.6993333,4.093,3.29,ml,53,77.1,,0.3,ci,ci13914552,2016-04-02T16:09:06.624Z,"4km SE of Bombay Beach, CA",earthquake,0.35,0.7,0.221,68,reviewed,ci,ci
2002-12-02T23:26:54.360Z,41.3085,-123.4823333,35.652,3.01,md,20,93,0.03694,0.12,nc,nc21258494,2017-01-03T08:53:36.295Z,"42 km NNE of Willow Creek, California",earthquake,0.38,0.23,0.13,13,reviewed,nc,nc
2002-12-03T02:59:21.480Z,33.9925,-116.8643333,13.099,3.02,ml,92,14.2,,0.2,ci,ci13914868,2016-04-02T15:51:20.214Z,"8km N of Banning, CA",earthquake,0.19,0.38,0.308,98,reviewed,ci,ci
2002-12-03T23:40:16.120Z,39.4291667,-123.2843333,4.025,3.07,md,33,89,0.2126,0.05,nc,nc21258663,2017-01-03T08:57:16.600Z,"6 km ENE of Willits, California",earthquake,0.18,0.48,0.09,56,reviewed,nc,nc
2002-12-06T06:24:06.920Z,25.71,-110.518,10,4,mb,27,,,0.78,us,usp000bk6r,2014-11-07T01:17:18.999Z,"89 km ESE of Loreto, Mexico",earthquake,,,,7,reviewed,us,us
2002-12-07T01:33:44.770Z,26.037,-110.31,10,4.1,mb,27,,,1.35,us,usp000bk8b,2014-11-07T01:17:19.133Z,"98 km W of El Aguajito, Mexico",earthquake,,,,7,reviewed,us,us
2002-12-07T06:02:11.670Z,37.4505,-118.8415,4.672,3.08,md,47,83,0.0973,0.05,nc,nc21259284,2017-01-03T09:06:17.210Z,"16 km SW of Aspen Springs, California",earthquake,0.23,0.92,0.11,72,reviewed,nc,nc
2002-12-08T17:45:17.670Z,26.293,-110.319,10,3.6,mb,9,,,0.91,us,usp000bkbs,2014-11-07T01:17:19.529Z,"82 km SW of Etchoropo, Mexico",earthquake,,,,1,reviewed,us,us
2002-12-10T21:04:00.690Z,32.2316667,-115.7981667,6.777,4.84,ml,21,218.5,,0.23,ci,ci13917260,2020-02-12T17:26:39.153Z,"44km SSW of Progreso, B.C., MX",earthquake,1.99,20.35,1.178,104,reviewed,ci,ci
2002-12-10T21:47:15.260Z,32.2248333,-115.795,6.757,3.97,ml,18,219.2,,0.26,ci,ci13917272,2016-04-02T00:06:04.654Z,"44km SSW of Progreso, B.C., MX",earthquake,1.61,22.48,0.378,74,reviewed,ci,ci
2002-12-11T15:20:37.510Z,33.9488333,-119.189,0.744,3.17,ml,36,140,0.189,0.33,ci,ci13917540,2016-04-02T03:17:44.025Z,"22km S of Port Hueneme, CA",earthquake,0.78,1.09,0.358,79,reviewed,ci,ci
2002-12-12T02:47:03.970Z,32.2298333,-115.787,6.777,3.31,ml,18,230.7,,0.23,ci,ci9867737,2016-04-02T00:03:07.853Z,"43km SSW of Progreso, B.C., MX",earthquake,1.4,19.52,0.36,48,reviewed,ci,ci
2002-12-12T05:58:37.100Z,37.5345,-118.5491667,10.117,3.48,ml,43,48,0.04054,0.05,nc,nc21259946,2018-04-24T22:07:08.641Z,"8 km ENE of Swall Meadows, California",earthquake,0.2,0.56,,3,reviewed,nc,nc
2002-12-12T21:03:43.200Z,32.3671667,-115.2018333,7.019,4.21,ml,16,213,0.4136,0.48,ci,ci9869697,2017-02-09T05:03:56.816Z,"2km NNW of Delta, B.C., MX",earthquake,3.2,37.24,0.203,61,reviewed,ci,ci
2002-12-14T13:07:09.958Z,37.9552,-117.1066,7,3.5,ml,32,103.7,0.155,0.1474,nn,nn00060614,2018-04-24T22:07:12.045Z,"16 km SE of Tonopah, Nevada",earthquake,,1.3,0.19,13,reviewed,nn,nn
2002-12-15T02:30:20.387Z,39.0482,-118.518,4.7,3.6,ml,22,31.83,0.324,0.1315,nn,nn00060643,2018-04-24T22:07:14.320Z,"27 km ENE of Schurz, Nevada",earthquake,,2.6,0.68,4,reviewed,nn,nn
2002-12-16T22:01:06.320Z,36.6006667,-121.2098333,8.357,3.45,ml,67,32,0.03063,0.05,nc,nc21260421,2017-01-03T09:25:45.210Z,"22 km NNE of Soledad, California",earthquake,0.1,0.23,,14,reviewed,nc,nc
2002-12-18T18:45:23.799Z,39.3631,-115.5346,0,3.4,ml,3,244.75,1.014,0.1027,nn,nn00060760,2018-04-24T22:07:16.990Z,"40 km ESE of Eureka, Nevada",earthquake,,0,,,reviewed,nn,nn
2002-12-19T07:25:39.150Z,42.958,-111.545,5,3.1,ml,14,,,0.7,us,usp000bkz3,2014-11-07T01:17:22.650Z,"34 km N of Soda Springs, Idaho",earthquake,,,,,reviewed,us,us
2002-12-20T05:02:40.535Z,38.533,-116.9414,3.5,3,ml,6,152.69,0.501,0.0786,nn,nn00060805,2018-04-24T22:07:20.625Z,"57 km NNE of Tonopah, Nevada",earthquake,,12.8,,,reviewed,nn,nn
2002-12-22T12:55:32.870Z,33.8851667,-116.2575,10.214,3.48,ml,78,32.7,,0.3,ci,ci9872497,2016-04-02T19:13:32.665Z,"14km ENE of Thousand Palms, CA",earthquake,0.23,1.17,0.337,111,reviewed,ci,ci
2002-12-23T04:16:04.090Z,40.3898333,-124.1846667,14.908,3.17,md,21,235,0.5955,0.07,nc,nc21260953,2017-01-03T09:35:07.049Z,"12 km SW of Scotia, California",earthquake,1.04,10,0.08,25,reviewed,nc,nc
2002-12-24T02:43:28.650Z,37.4515,-118.84,4.852,3.26,ml,47,82,0.1009,0.04,nc,nc21261074,2017-01-03T09:37:57.390Z,"16 km SW of Aspen Springs, California",earthquake,0.21,1.25,,7,reviewed,nc,nc
2002-12-24T08:22:30.880Z,37.6071667,-122.475,8.868,3.6,mw,105,86,0.02973,0.08,nc,nc21261124,2020-02-12T17:26:06.223Z,"1 km SE of Pacifica, California",earthquake,0.15,0.27,,10,reviewed,nc,nc
2002-12-27T12:01:47.680Z,32.1691667,-115.3368333,7.073,3.17,ml,11,228.2,0.5812,0.37,ci,ci9874017,2016-04-02T12:57:36.057Z,"17km WSW of Alberto Oviedo Mota, B.C., MX",earthquake,4.22,32.93,0.486,41,reviewed,ci,ci
2002-12-28T14:08:20.520Z,36.1448333,-120.1628333,10.869,3.9,mw,39,118,0.09459,0.08,nc,nc21261534,2017-03-17T17:18:49.067Z,"8 km SW of Huron, California",earthquake,0.21,0.45,,12,reviewed,nc,nc
2002-12-29T19:36:07.230Z,35.315,-118.6558333,1.688,3.15,ml,39,51.8,0.08797,0.28,ci,ci9874701,2016-04-01T20:48:23.491Z,"20km NE of Arvin, CA",earthquake,0.44,0.95,0.181,83,reviewed,ci,ci
2002-12-30T15:51:27.620Z,39.9951667,-121.0963333,12.066,3.11,md,20,212,0.3991,0.05,nc,nc21261694,2017-01-03T09:51:10.258Z,"3 km SW of Twain, California",earthquake,0.57,2.15,0.1,34,reviewed,nc,nc
2002-12-31T03:29:01.160Z,36.2386667,-120.287,11.799,3.03,md,43,69,0.04685,0.08,nc,nc21261750,2017-01-03T09:52:16.900Z,"12 km NNE of Coalinga, California",earthquake,0.19,0.32,0.11,95,reviewed,nc,nc
